1602683405,13,camera1
1602683706,14,camera1
1602684006,14,camera1
1602684306,13,camera1
1602684605,14,camera1
1602684906,14,camera1
1602685206,14,camera1
1602685506,14,camera1
1602685806,15,camera1
1602686106,15,camera1
1602686406,14,camera1
1602686705,15,camera1
1602687006,14,camera1
1602687306,13,camera1
1602687606,14,camera1
1602687906,1,camera1
1602688206,0,camera1
1602688506,0,camera1
1602688806,0,camera1
1602689106,0,camera1
1602689406,0,camera1
1602689706,0,camera1
1602690006,0,camera1
1602690306,0,camera1
1602690606,0,camera1
1602690906,0,camera1
1602691206,0,camera1
1602691505,0,camera1
1602691806,0,camera1
1602692106,0,camera1
1602692406,0,camera1
1602692706,0,camera1
1602693006,0,camera1
1602693306,0,camera1
1602693606,0,camera1
1602693906,0,camera1
1602694206,0,camera1
1602694506,0,camera1
1602741606,0,camera1
1602741906,0,camera1
1602742206,0,camera1
1602742506,0,camera1
1602742806,0,camera1
1602743106,0,camera1
1602743406,0,camera1
1602743706,0,camera1
1602744006,0,camera1
1602744306,0,camera1
1602744606,0,camera1
1602744906,0,camera1
1602745206,0,camera1
1602745506,0,camera1
1602745806,0,camera1
1602746106,0,camera1
1602746406,0,camera1
1602746706,0,camera1
1602747006,0,camera1
1602747306,0,camera1
1602747606,0,camera1
1602747906,0,camera1
1602748206,0,camera1
1602748506,0,camera1
1602748806,0,camera1
1602749106,0,camera1
1602749406,0,camera1
1602749706,0,camera1
1602750006,0,camera1
1602750306,0,camera1
1602750606,0,camera1
1602750906,0,camera1
1602751206,0,camera1
1602751506,0,camera1
1602751806,0,camera1
1602752106,0,camera1
1602752406,0,camera1
1602752706,0,camera1
1602753006,0,camera1
1602753306,0,camera1
1602753606,0,camera1
1602753906,0,camera1
1602754206,0,camera1
1602754506,0,camera1
1602754806,0,camera1
1602755106,0,camera1
1602755406,0,camera1
1602755706,0,camera1
1602756006,0,camera1
1602756305,0,camera1
1602756606,0,camera1
1602756906,0,camera1
1602757206,0,camera1
1602757506,0,camera1
1602757806,0,camera1
1602758106,0,camera1
1602758406,0,camera1
1602758706,0,camera1
1602759006,0,camera1
1602759306,0,camera1
1602759605,0,camera1
1602759906,0,camera1
1602760206,0,camera1
1602760506,0,camera1
1602760806,0,camera1
1602761106,0,camera1
1602761406,0,camera1
1602761705,0,camera1
1602762005,0,camera1
1602762306,0,camera1
1602762606,0,camera1
1602762906,0,camera1
1602763206,0,camera1
1602763506,0,camera1
1602763806,0,camera1
1602764106,0,camera1
1602764406,0,camera1
1602764706,0,camera1
1602765006,0,camera1
1602765306,0,camera1
1602765605,0,camera1
1602765906,0,camera1
1602766206,0,camera1
1602766506,0,camera1
1602766806,0,camera1
1602767106,0,camera1
1602767406,0,camera1
1602767706,0,camera1
1602768005,0,camera1
1602768306,0,camera1
1602768606,0,camera1
1602768906,0,camera1
1602769206,0,camera1
1602769505,0,camera1
1602769806,0,camera1
1602770106,0,camera1
1602770406,0,camera1
1602770706,0,camera1
1602771006,0,camera1
1602771306,0,camera1
1602771606,1,camera1
1602771906,0,camera1
1602772205,0,camera1
1602772506,0,camera1
1602772805,0,camera1
1602773106,0,camera1
1602773406,0,camera1
1602773706,0,camera1
1602774006,0,camera1
1602774306,0,camera1
1602774906,0,camera1
1602775206,0,camera1
1602775506,0,camera1
1602775805,0,camera1
1602776106,0,camera1
1602776406,0,camera1
1602776705,0,camera1
1602777006,0,camera1
1602777306,0,camera1
1602777606,0,camera1
1602777906,0,camera1
1602778206,0,camera1
1602778506,0,camera1
1602778806,0,camera1
1602779106,0,camera1
1602779406,0,camera1
1602779706,0,camera1
1602780006,0,camera1
1602780306,0,camera1
1602780606,0,camera1
1602780906,0,camera1
1602828006,0,camera1
1602828306,0,camera1
1602828606,0,camera1
1602828906,0,camera1
1602829206,0,camera1
1602829505,0,camera1
1602829806,0,camera1
1602830106,0,camera1
1602830405,0,camera1
1602830706,0,camera1
1602831006,1,camera1
1602831306,2,camera1
1602831606,9,camera1
1602831905,12,camera1
1602832205,13,camera1
1602832505,13,camera1
1602832806,12,camera1
1602833105,13,camera1
1602833406,13,camera1
1602833706,13,camera1
1602834006,13,camera1
1602834306,13,camera1
1602834606,14,camera1
1602834906,13,camera1
1602835206,14,camera1
1602835506,13,camera1
1602835806,13,camera1
1602836105,13,camera1
1602836405,13,camera1
1602836706,7,camera1
1602837006,0,camera1
1602837306,4,camera1
1602837606,13,camera1
1602837906,13,camera1
1602838206,13,camera1
1602838506,13,camera1
1602838806,14,camera1
1602839106,14,camera1
1602839405,13,camera1
1602839706,13,camera1
1602840006,13,camera1
1602840305,13,camera1
1602840606,13,camera1
1602840906,13,camera1
1602841206,13,camera1
1602841505,13,camera1
1602841806,1,camera1
1602842106,0,camera1
1602842406,0,camera1
1602842705,0,camera1
1602843005,0,camera1
1602843306,0,camera1
1602843606,0,camera1
1602843905,0,camera1
1602844205,0,camera1
1602844506,0,camera1
1602844806,0,camera1
1602845106,0,camera1
1602845406,0,camera1
1602845706,0,camera1
1602846006,0,camera1
1602846306,0,camera1
1602846606,0,camera1
1602846906,0,camera1
1602847206,0,camera1
1602847506,0,camera1
1602847805,0,camera1
1602848105,0,camera1
1602848405,0,camera1
1602848706,2,camera1
1602849005,7,camera1
1602849306,2,camera1
1602849606,9,camera1
1602849905,14,camera1
1602850206,14,camera1
1602850506,15,camera1
1602850805,15,camera1
1602851106,14,camera1
1602851406,15,camera1
1602851706,14,camera1
1602852006,13,camera1
1602852306,14,camera1
1602852606,14,camera1
1602852905,15,camera1
1602853206,13,camera1
1602853505,11,camera1
1602853806,6,camera1
1602854106,6,camera1
1602854406,14,camera1
1602854705,13,camera1
1602855006,14,camera1
1602855306,13,camera1
1602855606,14,camera1
1602855906,14,camera1
1602856206,15,camera1
1602856506,14,camera1
1602856805,14,camera1
1602857106,12,camera1
1602857405,12,camera1
1602857705,15,camera1
1602858006,15,camera1
1602858606,15,camera1
1602858905,13,camera1
1602859205,14,camera1
1602859506,14,camera1
1602859806,5,camera1
1602860106,3,camera1
1602860406,2,camera1
1602860706,1,camera1
1602861006,0,camera1
1602861306,0,camera1
1602861606,0,camera1
1602861906,0,camera1
1602862205,0,camera1
1602862505,0,camera1
1602862806,0,camera1
1602863106,0,camera1
1602863406,0,camera1
1602863706,0,camera1
1602864006,0,camera1
1602864306,0,camera1
1602864606,0,camera1
1602864906,0,camera1
1602865206,0,camera1
1602865506,0,camera1
1602865805,0,camera1
1602866106,0,camera1
1602866406,0,camera1
1602866706,0,camera1
1602867006,0,camera1
1602867305,0,camera1
1603105507,0,camera1
1603105805,0,camera1
1603106106,0,camera1
1603106406,0,camera1
1603106706,0,camera1
1603107005,0,camera1
1603107304,0,camera1
1603107606,0,camera1
1603107906,0,camera1
1603108206,0,camera1
1603108506,0,camera1
1603108805,0,camera1
1603109106,0,camera1
1603109405,0,camera1
1603109706,0,camera1
1603110006,0,camera1
1603110306,0,camera1
1603110606,0,camera1
1603110906,0,camera1
1603111206,0,camera1
1603111506,0,camera1
1603111806,0,camera1
1603112106,0,camera1
1603112406,0,camera1
1603112706,0,camera1
1603113005,0,camera1
1603113306,0,camera1
1603113606,0,camera1
1603113906,0,camera1
1603114206,0,camera1
1603114506,0,camera1
1603114806,0,camera1
1603115106,0,camera1
1603115405,0,camera1
1603115706,0,camera1
1603116006,0,camera1
1603116306,0,camera1
1603116606,0,camera1
1603116905,0,camera1
1603117206,0,camera1
1603117505,0,camera1
1603117806,0,camera1
1603118106,0,camera1
1603118406,0,camera1
1603118706,0,camera1
1603119006,0,camera1
1603119306,0,camera1
1603119606,0,camera1
1603119906,0,camera1
1603120206,0,camera1
1603120506,0,camera1
1603120806,0,camera1
1603121106,0,camera1
1603121406,0,camera1
1603121706,0,camera1
1603122005,0,camera1
1603122306,0,camera1
1603122606,0,camera1
1603122906,0,camera1
1603123206,0,camera1
1603123506,0,camera1
1603123806,0,camera1
1603124106,0,camera1
1603124406,0,camera1
1603124706,0,camera1
1603125006,0,camera1
1603125306,0,camera1
1603125606,0,camera1
1603125906,0,camera1
1603126206,0,camera1
1603126506,0,camera1
1603173606,0,camera1
1603173906,0,camera1
1603174206,0,camera1
1603174506,0,camera1
1603174805,0,camera1
1603175106,0,camera1
1603175406,0,camera1
1603175704,0,camera1
1603176006,0,camera1
1603176307,0,camera1
1603176606,0,camera1
1603176906,0,camera1
1603177205,0,camera1
1603177506,0,camera1
1603177807,0,camera1
1603178106,0,camera1
1603178405,0,camera1
1603178706,0,camera1
1603179005,0,camera1
1603179305,0,camera1
1603179606,0,camera1
1603179906,0,camera1
1603180205,0,camera1
1603180506,0,camera1
1603180806,0,camera1
1603181106,0,camera1
1603181406,0,camera1
1603181706,0,camera1
1603182006,0,camera1
1603182305,0,camera1
1603182606,0,camera1
1603182906,0,camera1
1603183206,0,camera1
1603183506,0,camera1
1603183806,0,camera1
1603184106,0,camera1
1603184406,0,camera1
1603184706,0,camera1
1603185006,0,camera1
1603185306,0,camera1
1603185606,0,camera1
1603185906,0,camera1
1603186206,0,camera1
1603186506,0,camera1
1603186806,0,camera1
1603187106,0,camera1
1603187405,0,camera1
1603187706,0,camera1
1603188006,0,camera1
1603188306,0,camera1
1603188606,0,camera1
1603188906,0,camera1
1603189206,0,camera1
1603189506,0,camera1
1603189806,0,camera1
1603190106,0,camera1
1603190405,0,camera1
1603190706,0,camera1
1603191006,0,camera1
1603191306,0,camera1
1603191605,0,camera1
1603191906,0,camera1
1603192206,0,camera1
1603192504,0,camera1
1603192805,0,camera1
1603193106,0,camera1
1603193405,0,camera1
1603193706,0,camera1
1603194006,0,camera1
1603194606,0,camera1
1603194905,0,camera1
1603195206,0,camera1
1603195506,0,camera1
1603195805,0,camera1
1603196106,0,camera1
1603196406,0,camera1
1603196706,0,camera1
1603197006,0,camera1
1603197306,0,camera1
1603197606,0,camera1
1603197906,0,camera1
1603198206,0,camera1
1603198505,0,camera1
1603198806,0,camera1
1603199105,0,camera1
1603199406,0,camera1
1603199706,0,camera1
1603200006,0,camera1
1603200306,0,camera1
1603200606,0,camera1
1603200906,0,camera1
1603201206,0,camera1
1603201504,0,camera1
1603201806,0,camera1
1603202106,0,camera1
1603202406,0,camera1
1603202706,0,camera1
1603203006,0,camera1
1603203305,0,camera1
1603203606,0,camera1
1603203906,0,camera1
1603204206,0,camera1
1603204505,0,camera1
1603204806,0,camera1
1603205106,0,camera1
1603205406,0,camera1
1603205706,0,camera1
1603206006,0,camera1
1603206306,0,camera1
1603206606,0,camera1
1603206906,0,camera1
1603207206,0,camera1
1603207506,0,camera1
1603207806,0,camera1
1603208105,0,camera1
1603208405,0,camera1
1603208706,0,camera1
1603209005,0,camera1
1603209306,0,camera1
1603209606,0,camera1
1603209906,0,camera1
1603210205,0,camera1
1603210506,0,camera1
1603210806,0,camera1
1603211105,0,camera1
1603211405,0,camera1
1603211706,0,camera1
1603212006,0,camera1
1603212306,0,camera1
1603212606,0,camera1
1603212906,0,camera1
1603260006,0,camera1
1603260306,0,camera1
1603260606,0,camera1
1603260906,0,camera1
1603261206,0,camera1
1603261506,0,camera1
1603261806,0,camera1
1603262106,0,camera1
1603262406,0,camera1
1603262706,0,camera1
1603263006,0,camera1
1603263306,0,camera1
1603263606,0,camera1
1603263906,0,camera1
1603264206,0,camera1
1603264506,0,camera1
1603264805,0,camera1
1603265105,0,camera1
1603265406,0,camera1
1603265706,0,camera1
1603266006,0,camera1
1603266306,0,camera1
1603266606,0,camera1
1603266906,0,camera1
1603267205,0,camera1
1603267506,0,camera1
1603267806,0,camera1
1603268106,0,camera1
1603268406,0,camera1
1603268706,0,camera1
1603269006,0,camera1
1603269306,0,camera1
1603269606,0,camera1
1603269906,0,camera1
1603270206,0,camera1
1603270506,0,camera1
1603270806,0,camera1
1603271106,0,camera1
1603271406,0,camera1
1603271706,0,camera1
1603272006,0,camera1
1603272306,0,camera1
1603272606,0,camera1
1603272906,0,camera1
1603273206,0,camera1
1603273505,0,camera1
1603273806,0,camera1
1603274106,0,camera1
1603274406,0,camera1
1603274706,0,camera1
1603275006,0,camera1
1603275306,0,camera1
1603275606,0,camera1
1603275906,0,camera1
1603276206,0,camera1
1603276506,0,camera1
1603276806,0,camera1
1603277105,0,camera1
1603277406,0,camera1
1603277705,0,camera1
1603278006,0,camera1
1603278305,0,camera1
1603278606,0,camera1
1603278906,0,camera1
1603279206,0,camera1
1603279506,0,camera1
1603279806,0,camera1
1603280106,0,camera1
1603280406,0,camera1
1603280705,0,camera1
1603281006,0,camera1
1603281306,1,camera1
1603281606,2,camera1
1603281906,2,camera1
1603282206,10,camera1
1603282506,12,camera1
1603282805,12,camera1
1603283106,12,camera1
1603283406,12,camera1
1603283705,11,camera1
1603284006,12,camera1
1603284306,12,camera1
1603284606,12,camera1
1603284906,12,camera1
1603285206,12,camera1
1603285506,12,camera1
1603285806,12,camera1
1603286106,11,camera1
1603286406,12,camera1
1603286706,11,camera1
1603287006,12,camera1
1603287306,12,camera1
1603287606,0,camera1
1603287906,6,camera1
1603288206,13,camera1
1603288506,12,camera1
1603288805,12,camera1
1603289106,12,camera1
1603289406,12,camera1
1603289706,12,camera1
1603290006,12,camera1
1603290306,11,camera1
1603290606,12,camera1
1603290906,11,camera1
1603291206,12,camera1
1603291506,12,camera1
1603291806,12,camera1
1603292106,12,camera1
1603292406,12,camera1
1603292706,0,camera1
1603293006,0,camera1
1603293306,0,camera1
1603293606,0,camera1
1603293906,0,camera1
1603294206,0,camera1
1603294506,0,camera1
1603294806,0,camera1
1603295106,0,camera1
1603295406,0,camera1
1603295706,0,camera1
1603296306,0,camera1
1603296606,0,camera1
1603296905,0,camera1
1603297206,0,camera1
1603297506,0,camera1
1603297806,0,camera1
1603298105,0,camera1
1603298406,0,camera1
1603298706,0,camera1
1603299006,0,camera1
1603299306,0,camera1
1603346405,0,camera1
1603346706,0,camera1
1603347005,0,camera1
1603347306,0,camera1
1603347606,0,camera1
1603347906,0,camera1
1603348206,0,camera1
1603348505,0,camera1
1603348806,0,camera1
1603349106,0,camera1
1603349406,0,camera1
1603349706,0,camera1
1603350006,0,camera1
1603350306,0,camera1
1603350606,0,camera1
1603350906,0,camera1
1603351206,0,camera1
1603351505,0,camera1
1603351806,0,camera1
1603352106,0,camera1
1603352406,0,camera1
1603352706,0,camera1
1603353005,0,camera1
1603353306,0,camera1
1603353604,0,camera1
1603353906,0,camera1
1603354206,0,camera1
1603354506,0,camera1
1603354806,0,camera1
1603355105,0,camera1
1603355406,0,camera1
1603355706,0,camera1
1603356306,0,camera1
1603356905,0,camera1
1603357206,0,camera1
1603357506,0,camera1
1603357805,0,camera1
1603358106,0,camera1
1603358406,0,camera1
1603358706,0,camera1
1603359005,0,camera1
1603359306,0,camera1
1603359606,0,camera1
1603359906,0,camera1
1603360206,0,camera1
1603360506,0,camera1
1603360806,0,camera1
1603361106,0,camera1
1603361406,0,camera1
1603361705,0,camera1
1603362006,0,camera1
1603362306,0,camera1
1603362606,0,camera1
1603362906,0,camera1
1603363206,0,camera1
1603363506,0,camera1
1603363806,0,camera1
1603364106,0,camera1
1603364406,0,camera1
1603364705,0,camera1
1603365006,0,camera1
1603365306,0,camera1
1603365606,0,camera1
1603365906,0,camera1
1603366205,0,camera1
1603366805,0,camera1
1603367406,0,camera1
1603367706,0,camera1
1603368006,0,camera1
1603368306,0,camera1
1603368606,0,camera1
1603368906,0,camera1
1603369205,0,camera1
1603369505,0,camera1
1603369806,0,camera1
1603370105,0,camera1
1603370406,0,camera1
1603370706,0,camera1
1603371006,0,camera1
1603371306,0,camera1
1603371606,0,camera1
1603371906,0,camera1
1603372206,0,camera1
1603372506,0,camera1
1603372806,0,camera1
1603373106,0,camera1
1603373406,0,camera1
1603373706,0,camera1
1603374005,0,camera1
1603374305,0,camera1
1603374606,0,camera1
1603374906,0,camera1
1603375206,0,camera1
1603375506,0,camera1
1603375806,0,camera1
1603376106,0,camera1
1603376405,0,camera1
1603376706,0,camera1
1603377006,0,camera1
1603377306,0,camera1
1603377605,0,camera1
1603377906,0,camera1
1603378206,0,camera1
1603378506,0,camera1
1603378806,0,camera1
1603379106,0,camera1
1603379406,0,camera1
1603379706,0,camera1
1603380006,0,camera1
1603380305,0,camera1
1603380905,0,camera1
1603381206,0,camera1
1603381506,0,camera1
1603381806,0,camera1
1603382106,0,camera1
1603382406,0,camera1
1603382706,0,camera1
1603383006,0,camera1
1603383305,0,camera1
1603383606,0,camera1
1603383905,0,camera1
1603384206,0,camera1
1603384506,0,camera1
1603384806,0,camera1
1603385106,0,camera1
1603385406,0,camera1
1603385705,0,camera1
1603432806,0,camera1
1603433106,0,camera1
1603433405,0,camera1
1603433706,0,camera1
1603434005,0,camera1
1603434306,0,camera1
1603434606,0,camera1
1603434906,0,camera1
1603435206,0,camera1
1603435506,0,camera1
1603435806,0,camera1
1603436106,0,camera1
1603436406,0,camera1
1603436705,0,camera1
1603437006,0,camera1
1603437306,0,camera1
1603437606,0,camera1
1603437906,0,camera1
1603438206,0,camera1
1603438506,0,camera1
1603438806,0,camera1
1603439106,0,camera1
1603439406,0,camera1
1603439706,0,camera1
1603440006,0,camera1
1603440306,0,camera1
1603440606,0,camera1
1603440906,0,camera1
1603441206,0,camera1
1603441505,0,camera1
1603442794,0,camera1
1603442796,0,camera1
1603442797,0,camera1
1603442795,0,camera1
1603443007,0,camera1
1603443306,0,camera1
1603443605,0,camera1
1603443906,0,camera1
1603444206,0,camera1
1603444506,0,camera1
1603444806,0,camera1
1603445106,0,camera1
1603445406,0,camera1
1603445706,0,camera1
1603446006,0,camera1
1603446306,0,camera1
1603446606,0,camera1
1603446906,0,camera1
1603447206,0,camera1
1603447506,0,camera1
1603447806,0,camera1
1603448106,0,camera1
1603448406,0,camera1
1603448706,0,camera1
1603449006,0,camera1
1603449306,0,camera1
1603449606,0,camera1
1603449906,0,camera1
1603450206,0,camera1
1603450506,0,camera1
1603450806,0,camera1
1603451106,0,camera1
1603451406,0,camera1
1603451705,0,camera1
1603452006,0,camera1
1603452306,0,camera1
1603452606,0,camera1
1603452906,0,camera1
1603453206,0,camera1
1603453506,1,camera1
1603453806,0,camera1
1603454106,0,camera1
1603454406,3,camera1
1603454706,6,camera1
1603455006,15,camera1
1603455306,15,camera1
1603455605,14,camera1
1603455906,15,camera1
1603456206,15,camera1
1603456506,15,camera1
1603456806,15,camera1
1603457106,15,camera1
1603457405,15,camera1
1603457706,15,camera1
1603458006,16,camera1
1603458306,0,camera1
1603458606,1,camera1
1603458906,15,camera1
1603459205,15,camera1
1603459506,15,camera1
1603459806,15,camera1
1603460106,15,camera1
1603460406,15,camera1
1603460706,15,camera1
1603461006,14,camera1
1603461306,15,camera1
1603461606,15,camera1
1603461905,16,camera1
1603462206,15,camera1
1603462506,15,camera1
1603462805,15,camera1
1603463105,15,camera1
1603463406,15,camera1
1603463706,15,camera1
1603464006,15,camera1
1603464306,13,camera1
1603464606,1,camera1
1603464906,0,camera1
1603465206,0,camera1
1603465506,0,camera1
1603465806,0,camera1
1603466105,0,camera1
1603466406,0,camera1
1603466705,0,camera1
1603467006,0,camera1
1603467306,0,camera1
1603467605,0,camera1
1603467906,0,camera1
1603468206,0,camera1
1603468506,0,camera1
1603468805,0,camera1
1603469106,0,camera1
1603469406,0,camera1
1603469706,0,camera1
1603470005,0,camera1
1603470306,0,camera1
1603470606,0,camera1
1603470906,0,camera1
1603471206,0,camera1
1603471506,0,camera1
1603471806,0,camera1
1603472106,0,camera1
1603695606,0,camera1
1603695905,0,camera1
1603696206,0,camera1
1603696506,0,camera1
1603696806,0,camera1
1603697105,0,camera1
1603697406,0,camera1
1603697706,0,camera1
1603698005,0,camera1
1603698305,0,camera1
1603698606,0,camera1
1603698906,1,camera1
1603699206,1,camera1
1603699506,4,camera1
1603699806,10,camera1
1603700106,11,camera1
1603700406,11,camera1
1603700706,10,camera1
1603701006,10,camera1
1603701306,11,camera1
1603701606,11,camera1
1603701906,11,camera1
1603702206,10,camera1
1603702505,11,camera1
1603702806,11,camera1
1603703105,11,camera1
1603703406,0,camera1
1603703706,1,camera1
1603704007,11,camera1
1603704306,10,camera1
1603704606,11,camera1
1603704906,11,camera1
1603705206,9,camera1
1603705506,11,camera1
1603705806,12,camera1
1603706105,12,camera1
1603706406,12,camera1
1603706706,12,camera1
1603707006,11,camera1
1603707305,11,camera1
1603707606,12,camera1
1603707905,10,camera1
1603708206,12,camera1
1603708505,12,camera1
1603708806,12,camera1
1603709106,0,camera1
1603709406,0,camera1
1603709706,0,camera1
1603710006,0,camera1
1603710306,0,camera1
1603710606,0,camera1
1603710905,0,camera1
1603711206,0,camera1
1603711505,0,camera1
1603711806,0,camera1
1603712105,0,camera1
1603712406,0,camera1
1603712706,0,camera1
1603713006,0,camera1
1603713306,0,camera1
1603713905,0,camera1
1603714206,0,camera1
1603714506,0,camera1
1603714806,0,camera1
1603715106,0,camera1
1603715406,0,camera1
1603715706,0,camera1
1603716006,0,camera1
1603716306,0,camera1
1603716606,0,camera1
1603716905,0,camera1
1603717205,0,camera1
1603717506,0,camera1
1603717806,0,camera1
1603718106,0,camera1
1603718406,0,camera1
1603718706,0,camera1
1603719006,0,camera1
1603719306,0,camera1
1603719604,0,camera1
1603719906,0,camera1
1603720205,0,camera1
1603720506,0,camera1
1603720806,0,camera1
1603721105,0,camera1
1603721406,0,camera1
1603721705,0,camera1
1603722006,0,camera1
1603722304,0,camera1
1603722605,0,camera1
1603722906,0,camera1
1603723205,0,camera1
1603723506,0,camera1
1603723806,0,camera1
1603724106,0,camera1
1603724406,0,camera1
1603724706,0,camera1
1603725005,0,camera1
1603725306,0,camera1
1603725606,0,camera1
1603725906,0,camera1
1603726206,0,camera1
1603726505,0,camera1
1603726806,0,camera1
1603727106,0,camera1
1603727406,0,camera1
1603727706,0,camera1
1603728006,0,camera1
1603728306,0,camera1
1603728606,0,camera1
1603728906,0,camera1
1603729206,0,camera1
1603729505,0,camera1
1603729806,0,camera1
1603730106,0,camera1
1603730406,0,camera1
1603730706,0,camera1
1603731006,0,camera1
1603731306,0,camera1
1603731606,0,camera1
1603731906,0,camera1
1603732205,0,camera1
1603732506,0,camera1
1603732806,0,camera1
1603733106,0,camera1
1603733406,0,camera1
1603733706,0,camera1
1603734005,0,camera1
1603734305,0,camera1
1603734606,0,camera1
1603734906,0,camera1
1603782006,0,camera1
1603782306,0,camera1
1603782605,0,camera1
1603782906,0,camera1
1603783206,0,camera1
1603783506,0,camera1
1603783806,0,camera1
1603784106,0,camera1
1603784406,0,camera1
1603784706,0,camera1
1603785006,0,camera1
1603785306,0,camera1
1603785606,0,camera1
1603785906,0,camera1
1603786206,0,camera1
1603786506,0,camera1
1603786806,0,camera1
1603787106,0,camera1
1603787406,0,camera1
1603787706,0,camera1
1603788006,0,camera1
1603788306,0,camera1
1603788606,0,camera1
1603788906,0,camera1
1603789205,0,camera1
1603789504,0,camera1
1610348706,0,camera1
1610349006,0,camera1
1610349306,0,camera1
1610349606,0,camera1
1610349906,0,camera1
1610350206,0,camera1
1610350506,0,camera1
1610350805,0,camera1
1610351106,0,camera1
1610351405,0,camera1
1610351706,0,camera1
1610352005,0,camera1
1610352306,0,camera1
1610352605,0,camera1
1610352906,0,camera1
1610353205,0,camera1
1610353505,0,camera1
1610353806,0,camera1
1610354106,0,camera1
1610354406,0,camera1
1610354706,0,camera1
1610355006,0,camera1
1610355306,0,camera1
1610355606,0,camera1
1610355906,0,camera1
1610356205,0,camera1
1610356506,0,camera1
1610356806,0,camera1
1610357106,0,camera1
1610357405,0,camera1
1610357706,0,camera1
1610358006,0,camera1
1610358306,0,camera1
1610358606,0,camera1
1610358906,0,camera1
1610359206,0,camera1
1610359506,0,camera1
1610359806,0,camera1
1610360106,0,camera1
1610360405,0,camera1
1610360706,0,camera1
1610361006,0,camera1
1610361306,0,camera1
1610361606,0,camera1
1610361906,0,camera1
1610362206,0,camera1
1610362506,0,camera1
1610362806,0,camera1
1610363106,0,camera1
1610363406,0,camera1
1610363706,0,camera1
1610364006,0,camera1
1610364306,0,camera1
1610364606,0,camera1
1610364906,0,camera1
1610365206,0,camera1
1610365505,0,camera1
1610365806,0,camera1
1610366106,0,camera1
1610366406,0,camera1
1610366705,0,camera1
1610367006,0,camera1
1610367306,0,camera1
1610367606,0,camera1
1610367906,0,camera1
1610368206,0,camera1
1610368506,0,camera1
1610368806,0,camera1
1610369106,0,camera1
1610369406,0,camera1
1610369706,0,camera1
1610370006,0,camera1
1610370306,0,camera1
1610370606,0,camera1
1610370906,0,camera1
1610371206,0,camera1
1610371506,0,camera1
1610371806,0,camera1
1610372106,0,camera1
1610372406,0,camera1
1610372706,0,camera1
1610373006,0,camera1
1610373306,0,camera1
1610373606,0,camera1
1610373906,0,camera1
1610374206,0,camera1
1610374505,0,camera1
1610374806,0,camera1
1610375106,0,camera1
1610375405,0,camera1
1610375706,0,camera1
1610376006,0,camera1
1610376306,0,camera1
1610376606,0,camera1
1610376906,0,camera1
1610377206,0,camera1
1610377506,0,camera1
1610377806,0,camera1
1610378106,0,camera1
1610378406,0,camera1
1610378706,0,camera1
1610379006,0,camera1
1610379306,0,camera1
1610379606,0,camera1
1610379906,0,camera1
1610380206,0,camera1
1610380506,0,camera1
1610380806,0,camera1
1610381105,0,camera1
1610381405,0,camera1
1610381706,0,camera1
1610382006,0,camera1
1610382305,0,camera1
1610382606,0,camera1
1610382906,0,camera1
1610383206,0,camera1
1610383506,0,camera1
1610383806,0,camera1
1610384106,0,camera1
1610384405,0,camera1
1610384706,0,camera1
1610385006,0,camera1
1610385306,0,camera1
1610385606,0,camera1
1610385906,0,camera1
1610386206,0,camera1
1610386506,0,camera1
1610386806,0,camera1
1610387106,0,camera1
1610387406,0,camera1
1610387706,0,camera1
1610434806,0,camera1
1610435106,0,camera1
1610435406,0,camera1
1610435706,0,camera1
1610436006,0,camera1
1610436306,0,camera1
1610436606,0,camera1
1610436906,0,camera1
1610437206,0,camera1
1610437506,0,camera1
1610437806,0,camera1
1610438106,0,camera1
1610438406,0,camera1
1610438705,0,camera1
1610439006,0,camera1
1610439306,0,camera1
1610439606,0,camera1
1610439906,0,camera1
1610440206,0,camera1
1610440505,0,camera1
1610440805,0,camera1
1610441105,0,camera1
1610441405,0,camera1
1610441705,0,camera1
1610442005,0,camera1
1610442306,0,camera1
1610442605,0,camera1
1610442905,0,camera1
1610443205,0,camera1
1610443504,0,camera1
1610443805,0,camera1
1610444105,0,camera1
1610444406,0,camera1
1610444705,0,camera1
1610445306,0,camera1
1610445604,0,camera1
1610445905,0,camera1
1610446205,0,camera1
1610446505,0,camera1
1610446806,0,camera1
1610447106,0,camera1
1610447405,0,camera1
1610447705,0,camera1
1610448006,0,camera1
1610448305,0,camera1
1610448606,0,camera1
1610448904,0,camera1
1610449205,0,camera1
1610449505,0,camera1
1610449805,0,camera1
1610450106,0,camera1
1610450404,0,camera1
1610450705,0,camera1
1610451005,0,camera1
1610451305,0,camera1
1610451605,0,camera1
1610451905,0,camera1
1610452205,0,camera1
1610452504,0,camera1
1610452805,0,camera1
1610453104,0,camera1
1610453405,0,camera1
1610453705,0,camera1
1610454005,0,camera1
1610454305,0,camera1
1610454605,0,camera1
1610454905,0,camera1
1610455205,0,camera1
1610455505,0,camera1
1610455806,0,camera1
1610456104,0,camera1
1610456405,0,camera1
1610456705,0,camera1
1610457005,0,camera1
1610457305,0,camera1
1610457605,0,camera1
1610457905,0,camera1
1610458205,0,camera1
1610458505,0,camera1
1610458805,0,camera1
1610459105,0,camera1
1610459405,0,camera1
1610459704,0,camera1
1610460005,0,camera1
1610460305,0,camera1
1610460605,0,camera1
1610460905,0,camera1
1610461205,0,camera1
1610461505,0,camera1
1610461805,0,camera1
1610462105,0,camera1
1610462405,0,camera1
1610462705,0,camera1
1610463005,0,camera1
1610463305,0,camera1
1610463605,0,camera1
1610463905,0,camera1
1610464205,0,camera1
1610464505,0,camera1
1610464806,0,camera1
1610465105,0,camera1
1610465404,0,camera1
1610465705,0,camera1
1610466005,0,camera1
1610466305,0,camera1
1610466606,0,camera1
1610466905,0,camera1
1610467205,0,camera1
1610467505,0,camera1
1610467805,0,camera1
1610468106,0,camera1
1610468405,0,camera1
1610468705,0,camera1
1610469005,0,camera1
1610469305,0,camera1
1610469605,0,camera1
1610469904,0,camera1
1610470205,0,camera1
1610470506,0,camera1
1610470805,0,camera1
1610471105,0,camera1
1610471405,0,camera1
1610471705,0,camera1
1610472005,0,camera1
1610472305,0,camera1
1610472605,0,camera1
1610472904,0,camera1
1610473206,0,camera1
1610473505,0,camera1
1610473805,0,camera1
1610474105,0,camera1
1610694005,0,camera1
1610694305,0,camera1
1610694605,0,camera1
1610694904,0,camera1
1610695205,0,camera1
1610695505,0,camera1
1610695805,0,camera1
1610696105,0,camera1
1610696405,0,camera1
1610696706,0,camera1
1610697005,0,camera1
1610697605,0,camera1
1610697905,0,camera1
1610698205,0,camera1
1610698506,0,camera1
1610698805,0,camera1
1610699105,0,camera1
1610699405,0,camera1
1610699705,0,camera1
1610700006,0,camera1
1610700304,0,camera1
1610700605,0,camera1
1610700905,0,camera1
1610701205,0,camera1
1610701505,0,camera1
1610701804,0,camera1
1610702105,0,camera1
1610702405,0,camera1
1610702705,0,camera1
1610703005,0,camera1
1610703305,0,camera1
1610703606,0,camera1
1610703906,0,camera1
1610704206,0,camera1
1610704505,0,camera1
1610704804,0,camera1
1610705105,0,camera1
1610705405,0,camera1
1610705706,0,camera1
1610706004,0,camera1
1610706305,0,camera1
1610706605,0,camera1
1610706905,0,camera1
1610707205,0,camera1
1610707505,0,camera1
1610707805,0,camera1
1610708105,0,camera1
1610708404,0,camera1
1610708705,0,camera1
1610709005,0,camera1
1610709305,0,camera1
1610709605,0,camera1
1610709904,0,camera1
1610710206,0,camera1
1610710505,0,camera1
1610710806,0,camera1
1610711106,0,camera1
1610711405,0,camera1
1610711704,0,camera1
1610712005,0,camera1
1610712306,0,camera1
1610712605,0,camera1
1610712906,0,camera1
1610713205,0,camera1
1610713504,0,camera1
1610713805,0,camera1
1610714105,0,camera1
1610714405,0,camera1
1610714704,0,camera1
1610715005,0,camera1
1610715305,0,camera1
1610715605,0,camera1
1610715905,0,camera1
1610716205,0,camera1
1610716505,0,camera1
1610716805,0,camera1
1610717105,0,camera1
1610717406,0,camera1
1610717705,0,camera1
1610718005,0,camera1
1610718305,0,camera1
1610718605,0,camera1
1610718904,0,camera1
1610719205,0,camera1
1610719506,0,camera1
1610719805,0,camera1
1610720105,0,camera1
1610720405,0,camera1
1610720705,0,camera1
1610721005,0,camera1
1610721305,0,camera1
1610721605,0,camera1
1610721904,0,camera1
1610722206,0,camera1
1610722505,0,camera1
1610722805,0,camera1
1610723106,0,camera1
1610723406,0,camera1
1610723706,0,camera1
1610724006,0,camera1
1610724305,0,camera1
1610724606,0,camera1
1610724904,0,camera1
1610725206,0,camera1
1610725506,0,camera1
1610725805,0,camera1
1610726405,0,camera1
1610726704,0,camera1
1610727005,0,camera1
1610727305,0,camera1
1610727605,0,camera1
1610727904,0,camera1
1610728206,0,camera1
1610728505,0,camera1
1610728805,0,camera1
1610729105,0,camera1
1610729405,0,camera1
1610729705,0,camera1
1610730005,0,camera1
1610730305,0,camera1
1610730605,0,camera1
1610730904,0,camera1
1610731206,0,camera1
1610731504,0,camera1
1610731805,0,camera1
1610732105,0,camera1
1610732405,0,camera1
1610732705,0,camera1
1610733005,0,camera1
1610733305,0,camera1
1610953206,0,camera1
1610953506,0,camera1
1610953806,0,camera1
1610954106,0,camera1
1610954406,0,camera1
1610954705,0,camera1
1610955006,0,camera1
1610955306,0,camera1
1610955606,0,camera1
1610955906,0,camera1
1610956206,0,camera1
1610956506,0,camera1
1610956806,0,camera1
1610957106,0,camera1
1610957405,0,camera1
1610957706,0,camera1
1610958006,0,camera1
1610958306,0,camera1
1610958606,0,camera1
1610958905,0,camera1
1610959206,0,camera1
1610959506,0,camera1
1610959806,0,camera1
1610960106,0,camera1
1610960406,0,camera1
1610960706,0,camera1
1610961006,0,camera1
1610961306,0,camera1
1610961606,0,camera1
1610961906,0,camera1
1610962206,0,camera1
1610962505,0,camera1
1610962804,0,camera1
1612545306,0,camera1
1612545606,0,camera1
1612545906,0,camera1
1612546206,0,camera1
1612546506,0,camera1
1612546806,0,camera1
1612547106,0,camera1
1612547406,0,camera1
1612547706,0,camera1
1612767606,0,camera1
1612767906,0,camera1
1612768206,0,camera1
1612768506,0,camera1
1612768806,0,camera1
1612769106,0,camera1
1612769405,0,camera1
1612769706,0,camera1
1612770006,0,camera1
1612770306,0,camera1
1612770606,0,camera1
1612770906,0,camera1
1612771206,0,camera1
1612771506,0,camera1
1612771806,0,camera1
1612772106,0,camera1
1612772405,0,camera1
1612772706,0,camera1
1612773006,0,camera1
1612773606,0,camera1
1612773905,0,camera1
1612776613,0,camera1
1612776620,0,camera1
1612776616,0,camera1
1612776613,0,camera1
1612776610,0,camera1
1612776610,0,camera1
1612776612,0,camera1
1612776609,0,camera1
1612776906,0,camera1
1612777206,0,camera1
1612777505,0,camera1
1612777806,0,camera1
1612778106,0,camera1
1612778406,0,camera1
1612778706,0,camera1
1612779006,0,camera1
1612779306,0,camera1
1612779606,0,camera1
1612779905,0,camera1
1612780205,0,camera1
1612780806,0,camera1
1612781106,0,camera1
1612781405,0,camera1
1612781706,0,camera1
1612782006,0,camera1
1612782306,0,camera1
1612782606,0,camera1
1612782906,0,camera1
1612783206,0,camera1
1612783505,0,camera1
1612783805,0,camera1
1612784105,0,camera1
1612784406,0,camera1
1612784706,0,camera1
1612785006,0,camera1
1612785306,0,camera1
1612785606,0,camera1
1612785906,0,camera1
1612786206,0,camera1
1612786506,0,camera1
1612786806,0,camera1
1612787106,0,camera1
1612787405,0,camera1
1612787706,0,camera1
1612788006,0,camera1
1612788305,0,camera1
1612788606,0,camera1
1612788906,0,camera1
16127892061621524606,0,camera1
1621524905,0,camera1
1621525206,0,camera1
1621525506,0,camera1
1621525806,0,camera1
1621526106,0,camera1
1621526406,0,camera1
1621526706,0,camera1
1621527006,0,camera1
1621527306,0,camera1
1621527606,0,camera1
1621527906,0,camera1
1621528206,0,camera1
1621528506,0,camera1
1621528806,0,camera1
1621529105,0,camera1
1621529406,0,camera1
1621529706,0,camera1
1621576806,0,camera1
1621577106,0,camera1
1621577406,0,camera1
1621577706,0,camera1
1621578006,0,camera1
1621578306,0,camera1
1621578606,0,camera1
1621578906,0,camera1
1621579206,0,camera1
1621579506,0,camera1
1621579806,0,camera1
1621580106,0,camera1
1621580406,0,camera1
1621580706,0,camera1
1621581006,0,camera1
1621581306,0,camera1
1621581606,0,camera1
1621581906,0,camera1
1621582206,0,camera1
1621582505,0,camera1
1621582806,0,camera1
1621583106,0,camera1
1621583406,0,camera1
1621583705,0,camera1
1621584006,0,camera1
1621584306,0,camera1
1621584606,0,camera1
1621584906,0,camera1
1621585206,0,camera1
1621585805,0,camera1
1621586106,0,camera1
1621586405,0,camera1
1621586706,0,camera1
1621587006,0,camera1
1621587305,0,camera1
1621587605,0,camera1
1621587906,0,camera1
1621588206,0,camera1
1621588506,0,camera1
1621588806,0,camera1
1621589106,0,camera1
1621589405,0,camera1
1621589705,0,camera1
1621590006,0,camera1
1621590306,0,camera1
1621590606,0,camera1
1621590906,0,camera1
1621591206,0,camera1
1621591505,0,camera1
1621591806,0,camera1
1621592104,0,camera1
1621592406,0,camera1
1621592706,0,camera1
1621593005,0,camera1
1621593306,0,camera1
1621593606,0,camera1
1621593906,0,camera1
1621594206,0,camera1
1621594506,0,camera1
1621594806,0,camera1
1621595106,2,camera1
1621595406,7,camera1
1621595706,8,camera1
1621596006,7,camera1
1621596306,7,camera1
1621596606,8,camera1
1621596905,8,camera1
1621597206,8,camera1
1621597506,8,camera1
1621597806,8,camera1
1621598106,8,camera1
1621598406,8,camera1
1621598706,8,camera1
1621599006,3,camera1
1621599305,0,camera1
1621599606,8,camera1
1621599906,8,camera1
1621600206,8,camera1
1621600506,8,camera1
1621600806,8,camera1
1621601106,8,camera1
1621601406,8,camera1
1621601706,8,camera1
1621602006,8,camera1
1621602305,8,camera1
1621602606,8,camera1
1621602906,7,camera1
1621603206,0,camera1
1621603506,0,camera1
1621603806,0,camera1
1621604406,0,camera1
1621604706,0,camera1
1621605006,0,camera1
1621605306,0,camera1
1621605606,0,camera1
1621605906,0,camera1
1621606206,0,camera1
1621606506,0,camera1
1621606806,0,camera1
1621607106,0,camera1
1621607406,0,camera1
1621607706,0,camera1
1621608006,0,camera1
1621608306,0,camera1
1621608605,0,camera1
1621608906,0,camera1
1621609206,0,camera1
1621609506,0,camera1
1621609806,0,camera1
1621610106,0,camera1
1621610406,0,camera1
1621610706,0,camera1
1621611006,0,camera1
1621611306,0,camera1
1621611606,0,camera1
1621611906,0,camera1
1621612206,0,camera1
1621612506,0,camera1
1621612805,0,camera1
1621613106,0,camera1
1621613406,0,camera1
1621613705,0,camera1
1621614006,0,camera1
1621614306,0,camera1
1621614606,0,camera1
1621614906,0,camera1
1621615206,0,camera1
1621615506,0,camera1
1621615806,0,camera1
1621616106,0,camera1
1621836006,0,camera1
1621836306,0,camera1
1621836606,0,camera1
1621836906,0,camera1
1621837206,0,camera1
1621837506,0,camera1
1621837806,0,camera1
1621838106,0,camera1
1621838406,0,camera1
1621838706,0,camera1
1621839005,0,camera1
1621839306,0,camera1
1621839606,0,camera1
1621839906,0,camera1
1621840206,0,camera1
1621840506,0,camera1
1621840806,0,camera1
1621841106,0,camera1
1621841407,0,camera1
1621841706,0,camera1
1621842006,0,camera1
1621842306,0,camera1
1621842606,0,camera1
1621842905,0,camera1
1621843206,0,camera1
1621843506,0,camera1
1621843806,0,camera1
1621844106,0,camera1
1621844406,0,camera1
1621844706,0,camera1
1621845005,0,camera1
1621845306,0,camera1
1621845605,0,camera1
1621846206,0,camera1
1621846506,0,camera1
1621846806,0,camera1
1621847106,0,camera1
1621847406,0,camera1
1621847706,0,camera1
1621848006,0,camera1
1621848305,0,camera1
1621848606,0,camera1
1621849206,0,camera1
1621849506,0,camera1
1621849806,0,camera1
1621850106,0,camera1
1621850406,0,camera1
1621850706,0,camera1
1621851006,0,camera1
1621851305,0,camera1
1621851606,0,camera1
1621851905,0,camera1
1621852206,0,camera1
1621852506,0,camera1
1621852806,0,camera1
1621853106,0,camera1
1621853405,0,camera1
1621853705,0,camera1
1621854006,0,camera1
1621854306,0,camera1
1621854606,0,camera1
1621854906,0,camera1
1621855205,0,camera1
1621855505,0,camera1
1621855806,0,camera1
1621856106,0,camera1
1621856406,0,camera1
1621856706,0,camera1
1621857006,0,camera1
1621857306,0,camera1
1621857605,0,camera1
1621857906,0,camera1
1621858205,0,camera1
1621858506,0,camera1
1621858806,0,camera1
1621859106,0,camera1
1621859406,0,camera1
1621859706,0,camera1
1621860306,0,camera1
1621860605,0,camera1
1621860906,0,camera1
1621861206,0,camera1
1621861506,0,camera1
1621861806,0,camera1
1621862106,0,camera1
1621862406,0,camera1
1621862706,0,camera1
1621863006,0,camera1
1621863306,0,camera1
1621863605,0,camera1
1621863906,0,camera1
1621864206,0,camera1
1621864506,0,camera1
1621864806,0,camera1
1621865106,0,camera1
1621865406,0,camera1
1621865706,0,camera1
1621866006,0,camera1
1621866306,0,camera1
1621866606,0,camera1
1621866906,0,camera1
1621867206,0,camera1
1621867506,0,camera1
1621867806,0,camera1
1621868106,0,camera1
1621868406,0,camera1
1621868705,0,camera1
1621869006,0,camera1
1621869306,0,camera1
1621869606,0,camera1
1621869906,0,camera1
1621870206,0,camera1
1621870506,0,camera1
1621870806,0,camera1
1621871106,0,camera1
1621871406,0,camera1
1621871706,0,camera1
1621872006,0,camera1
1621872306,0,camera1
1621872606,0,camera1
1621872906,0,camera1
1621873206,0,camera1
1621873506,0,camera1
1621873806,0,camera1
1621874106,0,camera1
1621874406,0,camera1
1621874706,0,camera1
1621875006,0,camera1
1621875305,0,camera1
1621922405,0,camera1
1621922706,0,camera1
1621923006,0,camera1
1621923306,0,camera1
1621923605,0,camera1
1621923906,0,camera1
1621924206,0,camera1
1621924506,0,camera1
1621924806,0,camera1
1621925106,0,camera1
1621925405,0,camera1
1621925705,0,camera1
1621926006,0,camera1
1621926306,0,camera1
1621926606,0,camera1
1621926906,0,camera1
1621927206,0,camera1
1621927506,0,camera1
1621927806,0,camera1
1621928106,0,camera1
1621928406,0,camera1
1621928706,0,camera1
1621929006,0,camera1
1621929306,0,camera1
1621929606,0,camera1
1621929906,0,camera1
1621930206,0,camera1
1621930506,0,camera1
1621930806,0,camera1
1621931106,0,camera1
1621931406,0,camera1
1621931706,0,camera1
1621932006,0,camera1
1621932606,0,camera1
1621932906,0,camera1
1621933206,0,camera1
1621933506,0,camera1
1621933805,0,camera1
1621934105,0,camera1
1621934406,0,camera1
1621935006,0,camera1
1621935306,0,camera1
1621935606,0,camera1
1621935906,0,camera1
1621936206,0,camera1
1621936506,0,camera1
1621936806,0,camera1
1621937105,0,camera1
1621937406,0,camera1
1621937706,0,camera1
1621938006,0,camera1
1621938306,0,camera1
1621938605,0,camera1
1621938906,0,camera1
1621939206,0,camera1
1621939506,0,camera1
1621939806,0,camera1
1621940106,0,camera1
1621940406,0,camera1
1621940706,0,camera1
1621941006,0,camera1
1621941306,0,camera1
1621941606,0,camera1
1621941906,0,camera1
1621942206,0,camera1
1621942506,0,camera1
1621942806,0,camera1
1621943106,0,camera1
1621943405,0,camera1
1621943706,0,camera1
1621944006,0,camera1
1621944305,0,camera1
1621944606,0,camera1
1621944906,0,camera1
1621945205,0,camera1
1621945506,0,camera1
1621945805,0,camera1
1621946105,0,camera1
1621946706,0,camera1
1621947006,0,camera1
1621947306,0,camera1
1621947606,0,camera1
1621947906,0,camera1
1621948506,0,camera1
1621948806,0,camera1
1621949106,0,camera1
1621949405,0,camera1
1621949706,0,camera1
1621950006,0,camera1
1621950306,0,camera1
1621950606,0,camera1
1621950906,0,camera1
1621951206,0,camera1
1621951506,0,camera1
1621951806,0,camera1
1621952105,0,camera1
1621952405,0,camera1
1621952706,0,camera1
1621953006,0,camera1
1621953306,0,camera1
1621953605,0,camera1
1621953906,0,camera1
1621954205,0,camera1
1621954506,0,camera1
1621954806,0,camera1
1621955106,0,camera1
1621955406,0,camera1
1621955706,0,camera1
1621956006,0,camera1
1621956305,0,camera1
1621956606,0,camera1
1621956906,0,camera1
1621957205,0,camera1
1621957506,0,camera1
1621957806,0,camera1
1621958106,0,camera1
1621958406,0,camera1
1621958704,0,camera1
1621959006,0,camera1
1621959306,0,camera1
1621959606,0,camera1
1621959906,0,camera1
1621960205,0,camera1
1621960506,0,camera1
1621960806,0,camera1
1621961406,0,camera1
1621961706,0,camera1
1622008806,0,camera1
1622009106,0,camera1
1622009406,0,camera1
1622009706,0,camera1
1622010006,0,camera1
1622010306,0,camera1
1622010606,0,camera1
1622010906,0,camera1
1622011206,0,camera1
1622011507,0,camera1
1622011806,0,camera1
1622012106,0,camera1
1622012406,0,camera1
1622012706,0,camera1
1622013006,0,camera1
1622013306,0,camera1
1622013606,0,camera1
1622013906,0,camera1
1622014206,0,camera1
1622014506,0,camera1
1622014806,0,camera1
1622015106,0,camera1
1622015406,0,camera1
1622015706,0,camera1
1622016006,0,camera1
1622016306,0,camera1
1622016605,0,camera1
1622016906,0,camera1
1622017206,0,camera1
1622017506,0,camera1
1622017805,0,camera1
1622018106,0,camera1
1622018406,0,camera1
1622018706,0,camera1
1622019006,0,camera1
1622019306,0,camera1
1622019605,0,camera1
1622019906,0,camera1
1622020206,0,camera1
1622020506,0,camera1
1622020806,0,camera1
1622021106,0,camera1
1622021406,0,camera1
1622021706,0,camera1
1622022006,0,camera1
1622022306,0,camera1
1622022606,0,camera1
1622022906,0,camera1
1622023205,0,camera1
1622023506,0,camera1
1622023806,0,camera1
1622024106,0,camera1
1622024405,0,camera1
1622024706,0,camera1
1622025006,0,camera1
1622025306,0,camera1
1622025604,0,camera1
1622025905,0,camera1
1622026206,0,camera1
1622026506,0,camera1
1622026806,0,camera1
1622027406,0,camera1
1622027706,0,camera1
1622028005,0,camera1
1622028306,0,camera1
1622028605,0,camera1
1622028906,0,camera1
1622029206,0,camera1
1622029506,0,camera1
1622029806,0,camera1
1622030105,0,camera1
1622030406,0,camera1
1622030706,0,camera1
1622031005,0,camera1
1622031306,0,camera1
1622031606,0,camera1
1622031905,0,camera1
1622032206,0,camera1
1622032506,0,camera1
1622032806,0,camera1
1622033106,0,camera1
1622033406,0,camera1
1622033705,0,camera1
1622034006,0,camera1
1622034306,0,camera1
1622034605,0,camera1
1622034906,0,camera1
1622035206,0,camera1
1622035506,0,camera1
1622035805,0,camera1
1622036106,0,camera1
1622036406,1,camera1
1622036706,2,camera1
1622037005,2,camera1
1622037306,3,camera1
1622037606,1,camera1
1622037905,3,camera1
1622038206,3,camera1
1622038506,4,camera1
1622038806,3,camera1
1622039104,3,camera1
1622039406,3,camera1
1622039706,3,camera1
1622040006,2,camera1
1622040306,2,camera1
1622040605,2,camera1
1622040906,2,camera1
1622041205,2,camera1
1622041506,2,camera1
1622041806,2,camera1
1622042106,2,camera1
1622042405,2,camera1
1622042706,2,camera1
1622043006,1,camera1
1622043306,0,camera1
1622043605,0,camera1
1622043906,0,camera1
1622044205,0,camera1
1622044506,0,camera1
1622044806,0,camera1
1622045106,0,camera1
1622045404,0,camera1
1622045706,0,camera1
1622046006,0,camera1
1622046306,0,camera1
1622046606,0,camera1
1622046906,0,camera1
1622047205,0,camera1
1622047506,0,camera1
1622047806,0,camera1
1622048105,0,camera1
1622095205,0,camera1
1622095506,0,camera1
1622095805,0,camera1
1622096105,0,camera1
1622096406,0,camera1
1622096706,0,camera1
1622097006,0,camera1
1622097306,0,camera1
1622097606,0,camera1
1622097905,0,camera1
1622098205,0,camera1
1622098506,1,camera1
1622098805,2,camera1
1622099106,4,camera1
1622099406,7,camera1
1622099706,7,camera1
1622100006,7,camera1
1622100305,7,camera1
1622100606,6,camera1
1622100906,6,camera1
1622101205,7,camera1
1622101506,6,camera1
1622101806,7,camera1
1622102106,7,camera1
1622102406,7,camera1
1622102706,7,camera1
1622103005,7,camera1
1622103306,7,camera1
1622103606,7,camera1
1622103906,7,camera1
1622104206,7,camera1
1622104504,7,camera1
1622104806,7,camera1
1622105106,3,camera1
1622105406,0,camera1
1622105706,0,camera1
1622106006,6,camera1
1622106306,7,camera1
1622106606,7,camera1
1622106906,7,camera1
1622107206,6,camera1
1622107506,7,camera1
1622108106,8,camera1
1622108406,7,camera1
1622108706,7,camera1
1622109006,7,camera1
1622109305,7,camera1
1622109905,8,camera1
1622110506,0,camera1
1622111106,0,camera1
1622111406,0,camera1
1622111706,0,camera1
1622112006,0,camera1
1622112306,0,camera1
1622112606,0,camera1
1622112906,0,camera1
1622113206,0,camera1
1622113506,0,camera1
1622113806,0,camera1
1622114105,0,camera1
1622114406,0,camera1
1622114706,0,camera1
1622115005,0,camera1
1622115306,0,camera1
1622115606,0,camera1
1622115906,0,camera1
1622116206,0,camera1
1622116506,0,camera1
1622116805,0,camera1
1622117106,0,camera1
1622117406,0,camera1
1622117706,0,camera1
1622118006,0,camera1
1622118306,0,camera1
1622118606,0,camera1
1622118905,0,camera1
1622119205,0,camera1
1622119506,0,camera1
1622119805,0,camera1
1622120106,0,camera1
1622120406,0,camera1
1622120706,0,camera1
1622121006,0,camera1
1622121306,0,camera1
1622121605,0,camera1
1622121906,0,camera1
1622122206,0,camera1
1622122506,0,camera1
1622122805,0,camera1
1622123105,0,camera1
1622123406,0,camera1
1622123706,0,camera1
1622124006,0,camera1
1622124305,0,camera1
1622124606,0,camera1
1622124906,0,camera1
1622125206,0,camera1
1622125506,0,camera1
1622125806,0,camera1
1622126106,0,camera1
1622126406,0,camera1
1622126706,0,camera1
1622127006,0,camera1
1622127306,0,camera1
1622127606,0,camera1
1622127906,0,camera1
1622128206,0,camera1
1622128506,0,camera1
1622128806,0,camera1
1622129105,0,camera1
1622129405,0,camera1
1622129706,0,camera1
1622130006,0,camera1
1622130306,0,camera1
1622130605,0,camera1
1622130906,0,camera1
1622131206,0,camera1
1622131506,0,camera1
1622131806,0,camera1
1622132106,0,camera1
1622132406,0,camera1
1622132706,0,camera1
1622133006,0,camera1
1622133306,0,camera1
1622133606,0,camera1
1622133906,0,camera1
1622134206,0,camera1
1622134506,0,camera1
1622181606,0,camera1
1622181906,0,camera1
1622182206,0,camera1
1622182506,0,camera1
1622182806,0,camera1
1622183106,0,camera1
1622183406,0,camera1
1622183706,0,camera1
1622184006,0,camera1
1622184306,0,camera1
1622184605,0,camera1
1622184906,0,camera1
1622185206,0,camera1
1622185506,0,camera1
1622185806,0,camera1
1622186106,0,camera1
1622186406,0,camera1
1622186705,0,camera1
1622187006,0,camera1
1622187306,0,camera1
1622187606,0,camera1
1622187906,0,camera1
1622188206,0,camera1
1622188506,0,camera1
1622188806,0,camera1
1622189106,0,camera1
1622189406,0,camera1
1622189706,0,camera1
1622190006,0,camera1
1622190306,0,camera1
1622190605,0,camera1
1622190905,0,camera1
1622191205,0,camera1
1622191505,0,camera1
1622191805,0,camera1
1622192105,0,camera1
1622192405,0,camera1
1622192706,0,camera1
1622193005,0,camera1
1622193305,0,camera1
1622193606,0,camera1
1622193905,0,camera1
1622194205,0,camera1
1622194505,0,camera1
1622194805,0,camera1
1622195106,0,camera1
1622195404,0,camera1
1622195705,0,camera1
1622196006,0,camera1
1622196305,0,camera1
1622196605,0,camera1
1622197205,0,camera1
1622197806,0,camera1
1622198105,0,camera1
1622198406,0,camera1
1622198706,0,camera1
1622199006,0,camera1
1622199306,0,camera1
1622199605,0,camera1
1622199906,0,camera1
1622200206,1,camera1
1622200506,4,camera1
1622200805,6,camera1
1622201106,6,camera1
1622201404,7,camera1
1622201705,6,camera1
1622202006,6,camera1
1622202306,6,camera1
1622202606,6,camera1
1622202906,6,camera1
1622203206,6,camera1
1622203506,6,camera1
1622203805,0,camera1
1622204105,1,camera1
1622204405,6,camera1
1622204706,6,camera1
1622205006,6,camera1
1622205305,6,camera1
1622205606,6,camera1
1622205905,6,camera1
1622206205,7,camera1
1622206805,6,camera1
1622207405,0,camera1
1622207705,0,camera1
1622208005,6,camera1
1622208306,6,camera1
1622208605,6,camera1
1622209206,6,camera1
1622209805,6,camera1
1622210405,0,camera1
1622211004,0,camera1
1622211305,0,camera1
1622211604,0,camera1
1622211906,0,camera1
1622212205,0,camera1
1622212505,0,camera1
1622212805,1,camera1
1622213105,0,camera1
1622213405,0,camera1
1622214004,0,camera1
1622214305,0,camera1
1622214605,0,camera1
1622214906,0,camera1
1622215204,0,camera1
1622215505,0,camera1
1622215804,0,camera1
1622216105,0,camera1
1622216405,0,camera1
1622216705,0,camera1
1622217005,0,camera1
1622217306,0,camera1
1622217605,0,camera1
1622217905,0,camera1
1622218205,0,camera1
1622218505,0,camera1
1622218805,0,camera1
1622219105,0,camera1
1622219405,0,camera1
1622219705,0,camera1
1622220005,0,camera1
1622220305,0,camera1
1622220606,0,camera1
1622220905,0,camera1
1622440805,0,camera1
1622441105,0,camera1
1622441406,0,camera1
1622441705,0,camera1
1622442004,0,camera1
1622442305,0,camera1
1622442605,0,camera1
1622442905,0,camera1
1622443205,0,camera1
1622443505,0,camera1
1622443805,0,camera1
1622444105,0,camera1
1622444406,0,camera1
1622444704,0,camera1
1622445005,0,camera1
1622445306,0,camera1
1622445606,0,camera1
1622445905,0,camera1
1622446206,0,camera1
1622446505,0,camera1
1622446806,0,camera1
1622447105,0,camera1
1622447406,0,camera1
1622447706,0,camera1
1622448006,0,camera1
1622448305,0,camera1
1622448606,0,camera1
1622448906,0,camera1
1622449506,0,camera1
1622449806,0,camera1
1622450105,0,camera1
1622450406,0,camera1
1622450705,0,camera1
1622451006,0,camera1
1622451306,0,camera1
1622451604,0,camera1
1622451906,0,camera1
1622452205,0,camera1
1622452506,0,camera1
1622452805,0,camera1
1622453105,0,camera1
1622453405,0,camera1
1622453705,0,camera1
1622454005,0,camera1
1622454305,0,camera1
1622454605,0,camera1
1622454905,0,camera1
1622455205,0,camera1
1622455505,0,camera1
1622455804,0,camera1
1622456106,0,camera1
1622456404,0,camera1
1622456706,0,camera1
1622457005,0,camera1
1622457305,0,camera1
1622457605,0,camera1
1622457905,0,camera1
1622458204,0,camera1
1622458506,0,camera1
1622458805,0,camera1
1622459104,0,camera1
1622459405,0,camera1
1622459705,0,camera1
1622460004,0,camera1
1622460306,0,camera1
1622460605,0,camera1
1622460905,0,camera1
1622461205,0,camera1
1622461505,0,camera1
1622461805,0,camera1
1622462106,0,camera1
1622462405,0,camera1
1622462705,0,camera1
1622463005,0,camera1
1622463306,0,camera1
1622463605,0,camera1
1622463906,0,camera1
1622464205,0,camera1
1622464505,0,camera1
1622464804,0,camera1
1622465106,0,camera1
1622465405,0,camera1
1622465704,0,camera1
1622466005,0,camera1
1622466305,0,camera1
1622466606,0,camera1
1622466906,0,camera1
1622467205,0,camera1
1622467505,0,camera1
1622467805,0,camera1
1622468105,0,camera1
1622468405,0,camera1
1622468706,0,camera1
1622469005,0,camera1
1622469306,0,camera1
1622469604,0,camera1
1622469905,0,camera1
1622470205,0,camera1
1622470505,0,camera1
1622470806,0,camera1
1622471105,0,camera1
1622471405,0,camera1
1622471705,0,camera1
1622472006,0,camera1
1622472305,0,camera1
1622472906,0,camera1
1622473205,0,camera1
1622473506,0,camera1
1622473805,0,camera1
1622474105,0,camera1
1622474405,0,camera1
1622474705,0,camera1
1622475006,0,camera1
1622475305,0,camera1
1622475605,0,camera1
1622475905,0,camera1
1622476205,0,camera1
1622476504,0,camera1
1622476805,0,camera1
1622477104,0,camera1
1622477405,0,camera1
1622477704,0,camera1
1622478005,0,camera1
1622478305,0,camera1
1622478605,0,camera1
1622478906,0,camera1
1622479205,0,camera1
1622479505,0,camera1
1622479805,0,camera1
1622480106,0,camera1
1622527205,0,camera1
1622527505,0,camera1
1622527806,0,camera1
1622528105,0,camera1
1622528405,0,camera1
1622528705,0,camera1
1622529006,0,camera1
1622529306,0,camera1
1622529605,0,camera1
1622529906,0,camera1
1622530206,0,camera1
1622530505,0,camera1
1622530804,0,camera1
1622531105,0,camera1
1622531405,0,camera1
1622531706,0,camera1
1622532006,0,camera1
1622532306,0,camera1
1622532604,0,camera1
1622532904,0,camera1
1622533205,0,camera1
1622533505,0,camera1
1622533805,0,camera1
1622534105,0,camera1
1622534404,0,camera1
1622534705,0,camera1
1622535006,0,camera1
1622535305,0,camera1
1622535605,0,camera1
1622535905,0,camera1
1622536205,0,camera1
1622536506,0,camera1
1622536806,0,camera1
1622537106,0,camera1
1622537406,0,camera1
1622537704,0,camera1
1622538005,0,camera1
1622538305,0,camera1
1622538905,0,camera1
1622539204,0,camera1
1622539506,0,camera1
1622539805,0,camera1
1622540105,0,camera1
1622540405,0,camera1
1622540705,0,camera1
1622541005,0,camera1
1622541306,0,camera1
1622541605,0,camera1
1622541906,0,camera1
1622542204,0,camera1
1622542506,0,camera1
1622542805,0,camera1
1622543105,0,camera1
1622543404,0,camera1
1622543705,0,camera1
1622544006,0,camera1
1622544306,0,camera1
1622544606,0,camera1
1622544906,0,camera1
1622545205,0,camera1
1622545506,0,camera1
1622545806,0,camera1
1622546106,0,camera1
1622546405,0,camera1
1622546705,0,camera1
1622547006,0,camera1
1622547306,0,camera1
1622547606,0,camera1
1622547906,0,camera1
1622548206,0,camera1
1622548506,0,camera1
1622548806,0,camera1
1622549105,0,camera1
1622549405,0,camera1
1622549706,0,camera1
1622550006,0,camera1
1622550306,0,camera1
1622550605,0,camera1
1622550906,0,camera1
1622551206,0,camera1
1622551505,0,camera1
1622551806,0,camera1
1622552106,0,camera1
1622552406,0,camera1
1622552706,0,camera1
1622553006,0,camera1
1622553305,0,camera1
1622553606,0,camera1
1622553906,0,camera1
1622554206,0,camera1
1622554506,0,camera1
1622554806,0,camera1
1622555106,0,camera1
1622555406,0,camera1
1622555705,0,camera1
1622556005,0,camera1
1622556306,0,camera1
1622556606,0,camera1
1622556906,0,camera1
1622557205,0,camera1
1622557506,0,camera1
1622557806,0,camera1
1622558105,0,camera1
1622558405,0,camera1
1622558706,0,camera1
1622559006,0,camera1
1622559305,0,camera1
1622559606,0,camera1
1622559906,0,camera1
1622560206,0,camera1
1622560506,0,camera1
1622560806,0,camera1
1622561105,0,camera1
1622561405,0,camera1
1622561705,0,camera1
1622562004,0,camera1
1622562305,0,camera1
1622562604,0,camera1
1622562906,0,camera1
1622563206,0,camera1
1622563506,0,camera1
1622563805,0,camera1
1622564106,0,camera1
1622564406,0,camera1
1622564706,0,camera1
1622565006,0,camera1
1622565306,0,camera1
1622565605,0,camera1
1622565905,0,camera1
1622566205,0,camera1
1622566506,0,camera1
1622613606,0,camera1
1622613906,0,camera1
1622614206,0,camera1
1622614506,0,camera1
1622614806,0,camera1
1622615105,0,camera1
1622615406,0,camera1
1622615706,0,camera1
1622616006,0,camera1
1622616305,0,camera1
1622616606,0,camera1
1622616906,0,camera1
1622617206,0,camera1
1622617506,0,camera1
1622617806,0,camera1
1622618105,0,camera1
1622618406,0,camera1
1622618705,0,camera1
1622619006,0,camera1
1622619306,0,camera1
1622619606,0,camera1
1622619906,0,camera1
1622620206,0,camera1
1622620506,0,camera1
1622620806,0,camera1
1622621106,0,camera1
1622621406,0,camera1
1622621706,0,camera1
1622622006,0,camera1
1622622306,0,camera1
1622622606,0,camera1
1622622906,0,camera1
1622623206,0,camera1
1622623506,0,camera1
1622623806,0,camera1
1622624106,0,camera1
1622624406,0,camera1
1622624706,0,camera1
1622625006,0,camera1
1622625306,0,camera1
1622625606,0,camera1
1622625906,0,camera1
1622626206,0,camera1
1622626506,0,camera1
1622626806,0,camera1
1622627106,0,camera1
1622627406,0,camera1
1622627706,0,camera1
1622628006,0,camera1
1622628305,0,camera1
1622628606,0,camera1
1622628905,0,camera1
1622629205,0,camera1
1622629506,0,camera1
1622629806,0,camera1
1622630106,0,camera1
1622630406,0,camera1
1622630706,0,camera1
1622631005,0,camera1
1622631306,0,camera1
1622631605,0,camera1
1622631906,0,camera1
1622632206,0,camera1
1622632506,0,camera1
1622632806,0,camera1
1622633106,0,camera1
1622633406,0,camera1
1622633706,0,camera1
1622634006,0,camera1
1622634306,0,camera1
1622634605,0,camera1
1622634906,0,camera1
1622635206,0,camera1
1622635506,0,camera1
1622635806,0,camera1
1622636106,0,camera1
1622636406,0,camera1
1622636706,0,camera1
1622637005,0,camera1
1622637306,0,camera1
1622637605,0,camera1
1622637906,0,camera1
1622638206,0,camera1
1622638506,0,camera1
1622638806,0,camera1
1622639105,0,camera1
1622639406,0,camera1
1622639706,0,camera1
1622640005,0,camera1
1622640306,0,camera1
1622640606,0,camera1
1622640905,0,camera1
1622641206,0,camera1
1622641506,0,camera1
1622641804,0,camera1
1622642106,0,camera1
1622642406,0,camera1
1622642706,0,camera1
1622643005,0,camera1
1622643305,0,camera1
1622643606,0,camera1
1622643906,0,camera1
1622644205,0,camera1
1622644506,0,camera1
1622644806,0,camera1
1622645105,0,camera1
1622645406,0,camera1
1622645706,0,camera1
1622646006,0,camera1
1622646306,0,camera1
1622646605,0,camera1
1622646905,0,camera1
1622647206,0,camera1
1622647506,0,camera1
1622647806,0,camera1
1622648106,0,camera1
1622648406,0,camera1
1622648705,0,camera1
1622649005,0,camera1
1622649306,0,camera1
1622649606,0,camera1
1622649906,0,camera1
1622650206,0,camera1
1622650505,0,camera1
1622650805,0,camera1
1622651105,0,camera1
1622651405,0,camera1
1622651706,0,camera1
1622652005,0,camera1
1622652305,0,camera1
1622652606,0,camera1
1622652905,0,camera1
1622700006,0,camera1
1622700306,0,camera1
1622700606,0,camera1
1622700906,0,camera1
1622701206,0,camera1
1622701506,0,camera1
1622701806,0,camera1
1622702106,0,camera1
1622702406,0,camera1
1622702705,0,camera1
1622703006,0,camera1
1622703306,0,camera1
1622703606,1,camera1
1622703906,3,camera1
1622704206,4,camera1
1622704506,4,camera1
1622704806,4,camera1
1622705105,4,camera1
1622705406,4,camera1
1622705706,4,camera1
1622706005,4,camera1
1622706306,4,camera1
1622706606,4,camera1
1622706906,4,camera1
1622707206,4,camera1
1622707506,4,camera1
1622707805,4,camera1
1622708106,4,camera1
1622708406,4,camera1
1622708706,4,camera1
1622709006,4,camera1
1622709306,4,camera1
1622709606,4,camera1
1622709906,4,camera1
1622710205,4,camera1
1622710506,4,camera1
1622710806,2,camera1
1622711106,0,camera1
1622711405,4,camera1
1622711706,4,camera1
1622712006,4,camera1
1622712306,4,camera1
1622712606,4,camera1
1622712905,4,camera1
1622713206,4,camera1
1622713506,4,camera1
1622713805,4,camera1
1622714106,4,camera1
1622714406,4,camera1
1622714706,4,camera1
1622715006,4,camera1
1622715306,4,camera1
1622715606,4,camera1
1622715906,2,camera1
1622716206,0,camera1
1622716505,0,camera1
1622716806,0,camera1
1622717106,0,camera1
1622717706,0,camera1
1622718005,0,camera1
1622718306,0,camera1
1622718606,0,camera1
1622718906,0,camera1
1622719205,0,camera1
1622719506,0,camera1
1622719806,0,camera1
1622720105,0,camera1
1622720406,0,camera1
1622720706,0,camera1
1622721005,0,camera1
1622721306,0,camera1
1622721605,0,camera1
1622721906,0,camera1
1622722206,0,camera1
1622722506,0,camera1
1622722806,0,camera1
1622723105,0,camera1
1622723405,0,camera1
1622723706,0,camera1
1622724005,0,camera1
1622724306,0,camera1
1622724606,0,camera1
1622724906,0,camera1
1622725207,0,camera1
1622725506,0,camera1
1622725806,0,camera1
1622726106,0,camera1
1622726406,0,camera1
1622726706,0,camera1
1622727005,0,camera1
1622727306,0,camera1
1622727606,0,camera1
1622727906,0,camera1
1622728206,0,camera1
1622728506,0,camera1
1622728806,0,camera1
1622729105,0,camera1
1622729406,0,camera1
1622729706,0,camera1
1622730006,0,camera1
1622730305,0,camera1
1622730605,0,camera1
1622730906,0,camera1
1622731206,0,camera1
1622731506,0,camera1
1622731806,0,camera1
1622732404,0,camera1
1622732706,0,camera1
1622733006,0,camera1
1622733305,0,camera1
1622733605,0,camera1
1622733906,0,camera1
1622734206,0,camera1
1622734506,0,camera1
1622734806,0,camera1
1622735105,0,camera1
1622735406,0,camera1
1622735705,0,camera1
1622736006,0,camera1
1622736305,0,camera1
1622736606,0,camera1
1622736905,0,camera1
1622737206,0,camera1
1622737506,0,camera1
1622737806,0,camera1
1622738105,0,camera1
1622738405,0,camera1
1622738706,0,camera1
1622739006,0,camera1
1622739306,0,camera1
1622786406,0,camera1
1622786706,0,camera1
1622787006,0,camera1
1622787306,0,camera1
1622787606,0,camera1
1622787906,0,camera1
1622788206,0,camera1
1622788506,0,camera1
1622788806,0,camera1
1622789106,0,camera1
1622789406,0,camera1
1622789705,0,camera1
1622790006,0,camera1
1622790305,0,camera1
1622790606,0,camera1
1622790905,0,camera1
1622791205,0,camera1
1622791505,0,camera1
1622791806,0,camera1
1622792106,0,camera1
1622792405,0,camera1
1622792706,0,camera1
1622793005,0,camera1
1622793305,0,camera1
1622793605,0,camera1
1622793906,0,camera1
1622794205,0,camera1
1622794506,0,camera1
1622794806,0,camera1
1622795105,0,camera1
1622795406,0,camera1
1622795704,0,camera1
1622796005,0,camera1
1622796305,0,camera1
1622796605,0,camera1
1622796906,0,camera1
1622797206,0,camera1
1622797505,0,camera1
1622797805,0,camera1
1622798105,0,camera1
1622798405,0,camera1
1622798705,0,camera1
1622799005,0,camera1
1622799305,0,camera1
1622799606,0,camera1
1622799905,0,camera1
1622800205,0,camera1
1622800506,0,camera1
1622800806,0,camera1
1622801105,0,camera1
1622801404,0,camera1
1622801705,0,camera1
1622802005,0,camera1
1622802305,0,camera1
1622802604,0,camera1
1622802905,0,camera1
1622803206,0,camera1
1622803506,0,camera1
1622803805,0,camera1
1622804105,0,camera1
1622804406,0,camera1
1622805605,0,camera1
1622806805,0,camera1
1622808006,0,camera1
1622809205,0,camera1
1622810404,0,camera1
1622811606,0,camera1
1622812804,0,camera1
1622814005,0,camera1
1622815205,0,camera1
1622816405,0,camera1
1622817605,0,camera1
1622818806,0,camera1
1622820005,0,camera1
1622821205,0,camera1
1622822406,0,camera1
1622823605,0,camera1
1622824806,0,camera1
1623045605,0,camera1
1623046806,0,camera1
1623048006,0,camera1
1623049205,0,camera1
1623050405,0,camera1
1623051606,0,camera1
1623052805,0,camera1
1623054005,0,camera1
1623055206,0,camera1
1623056406,0,camera1
1623057605,0,camera1
1623058806,0,camera1
1623060005,0,camera1
1623061205,0,camera1
1623062405,0,camera1
1623063605,0,camera1
1623064805,0,camera1
1623066005,0,camera1
1623067206,0,camera1
1623068405,0,camera1
1623069605,0,camera1
1623070806,0,camera1
1623072006,0,camera1
1623073205,0,camera1
1623074404,0,camera1
1623075605,0,camera1
1623076805,0,camera1
1623078006,0,camera1
1623079205,0,camera1
1623080405,0,camera1
1623081605,0,camera1
1623082805,0,camera1
1623084005,0,camera1
1623132004,0,camera1
1623133205,0,camera1
1623134404,0,camera1
1623135605,0,camera1
1623136805,0,camera1
1623138005,0,camera1
1623139206,0,camera1
1623140405,0,camera1
1623141606,0,camera1
1623142805,0,camera1
1623144005,0,camera1
1623145206,0,camera1
1623146405,0,camera1
1623147605,0,camera1
1623148805,0,camera1
1623150006,0,camera1
1623151205,0,camera1
1623152405,0,camera1
1623153605,0,camera1
1623154806,0,camera1
1623156005,0,camera1
1623157204,0,camera1
1623158404,0,camera1
1623159605,0,camera1
1623160805,0,camera1
1623162005,0,camera1
1623163204,0,camera1
1623164405,0,camera1
1623165606,0,camera1
1623166806,0,camera1
1623168005,0,camera1
1623170406,0,camera1
1623218406,0,camera1
1623219604,0,camera1
1623220805,0,camera1
1623222006,0,camera1
1623223205,0,camera1
1623224404,0,camera1
1623225606,0,camera1
1623226805,0,camera1
1623228006,0,camera1
1623229206,0,camera1
1623230405,0,camera1
1623231605,0,camera1
1623232805,0,camera1
1623234006,0,camera1
1623235205,0,camera1
1623236405,0,camera1
1623237605,0,camera1
1623238806,0,camera1
1623240005,0,camera1
1623241206,0,camera1
1623242406,0,camera1
1623243604,0,camera1
1623244806,0,camera1
1623246004,0,camera1
1623247205,0,camera1
1623248406,0,camera1
1623249605,0,camera1
1623252005,0,camera1
1623253206,0,camera1
1623254404,0,camera1
1623255605,0,camera1
1623256806,0,camera1
1623650406,0,camera1
1623651604,0,camera1
1623654005,0,camera1
1623655205,0,camera1
1623656405,0,camera1
1623657604,0,camera1
1623658805,0,camera1
1623660004,0,camera1
1623661206,0,camera1
1623662405,0,camera1
1623663605,0,camera1
1623664806,0,camera1
1623666005,0,camera1
1623667205,0,camera1
1623668405,0,camera1
1623669605,0,camera1
1623670805,0,camera1
1623672005,0,camera1
1623673205,0,camera1
1623674405,0,camera1
1623675606,0,camera1
1623676805,0,camera1
1623678006,0,camera1
1623679206,0,camera1
1623680405,0,camera1
1623681605,0,camera1
1623682806,0,camera1
1623684005,0,camera1
1623685206,0,camera1
1623686406,0,camera1
1623687605,0,camera1
1623688805,0,camera1
1623736805,0,camera1
1623738006,0,camera1
1623739204,0,camera1
1623740405,0,camera1
1623741606,0,camera1
1623744004,0,camera1
1623745205,0,camera1
1623746405,0,camera1
1623747606,0,camera1
1623748804,0,camera1
1623750005,0,camera1
1623751206,0,camera1
1623752405,0,camera1
1623753605,0,camera1
1623754805,0,camera1
1623756006,0,camera1
1623757205,0,camera1
1623758405,0,camera1
1623759605,0,camera1
1623760805,0,camera1
1623762005,0,camera1
1623763204,0,camera1
1623764405,0,camera1
1623765605,0,camera1
1623766806,0,camera1
1623768006,0,camera1
1623769204,0,camera1
1623770405,0,camera1
1623771605,0,camera1
1623772806,0,camera1
1623774005,0,camera1
1623775205,0,camera1
1623823205,0,camera1
1623824405,0,camera1
1623825605,0,camera1
1623826806,0,camera1
1623828004,0,camera1
1623829206,0,camera1
1623830404,0,camera1
1623831606,0,camera1
1623832804,0,camera1
1623834005,0,camera1
1623835204,0,camera1
1623836405,0,camera1
1623837606,0,camera1
1623838805,0,camera1
1623840006,0,camera1
1623841205,0,camera1
1623842404,0,camera1
1623843606,0,camera1
1623844806,0,camera1
1623846005,0,camera1
1623847205,0,camera1
1623848405,0,camera1
1623849606,0,camera1
1623850805,0,camera1
1623853205,0,camera1
1623854406,0,camera1
1623855605,1,camera1
1623856806,0,camera1
1623858005,0,camera1
1623859205,0,camera1
1623860405,0,camera1
1623909605,0,camera1
1623910805,0,camera1
1623912006,0,camera1
1623913205,0,camera1
1623914405,0,camera1
1623915605,0,camera1
1623918005,0,camera1
1623919205,0,camera1
1623920405,0,camera1
1623921606,0,camera1
1623922805,0,camera1
1623924005,0,camera1
1623925205,0,camera1
1623926406,0,camera1
1623927605,0,camera1
1623928805,0,camera1
1623930005,0,camera1
1623931206,0,camera1
1623932405,0,camera1
1623933605,0,camera1
1623934805,0,camera1
1623936006,0,camera1
1623937204,0,camera1
1623938405,0,camera1
1623939605,0,camera1
1623940805,0,camera1
1623942006,0,camera1
1623943205,0,camera1
1623944406,0,camera1
1623945606,0,camera1
1623946805,0,camera1
1623948006,0,camera1
1623996006,0,camera1
1623997205,0,camera1
1623998405,0,camera1
1623999606,0,camera1
1624000806,3,camera1
1624002005,3,camera1
1624003206,3,camera1
1624004406,3,camera1
1624005605,2,camera1
1624006804,2,camera1
1624008006,1,camera1
1624009205,0,camera1
1624010406,0,camera1
1624011604,0,camera1
1624012805,0,camera1
1624014005,0,camera1
1624015205,0,camera1
1624016406,0,camera1
1624017605,0,camera1
1624018806,0,camera1
1624020005,0,camera1
1624021205,0,camera1
1624022405,0,camera1
1624023606,0,camera1
1624024806,0,camera1
1624026005,0,camera1
1624027206,0,camera1
1624028406,0,camera1
1624029606,0,camera1
1624030806,0,camera1
1624032006,0,camera1
1624033206,0,camera1
1624034406,0,camera1
1624255206,0,camera1
1624256406,0,camera1
1624257604,0,camera1
1624258805,0,camera1
1624260006,0,camera1
1624261206,0,camera1
1624262405,0,camera1
1624263605,0,camera1
1624264805,0,camera1
1624266006,0,camera1
1624267205,0,camera1
1624268405,0,camera1
1624269606,0,camera1
1624270804,0,camera1
1624272006,0,camera1
1624273206,0,camera1
1624274405,0,camera1
1624275606,0,camera1
1624276804,0,camera1
1624278005,0,camera1
1624279206,0,camera1
1624280406,0,camera1
1624281605,0,camera1
1624282806,0,camera1
1624284005,0,camera1
1624285205,0,camera1
1624286405,0,camera1
1624287605,0,camera1
1624288805,0,camera1
1624290005,0,camera1
1624291204,0,camera1
1624292405,0,camera1
1624293605,0,camera1
1624341605,0,camera1
1624342805,0,camera1
1624344006,0,camera1
1624345205,0,camera1
1624346404,0,camera1
1624347605,0,camera1
1624348805,0,camera1
1624350006,0,camera1
1624351205,0,camera1
1624352406,0,camera1
1624353605,0,camera1
1624354806,0,camera1
1624356005,0,camera1
1624358406,0,camera1
1624359606,0,camera1
1624360805,0,camera1
1624362006,0,camera1
1624363206,0,camera1
1624364406,0,camera1
1624365606,0,camera1
1624366805,0,camera1
1624368006,0,camera1
1624370406,0,camera1
1624371604,0,camera1
1624372805,0,camera1
1624374005,0,camera1
1624375206,0,camera1
1624376405,0,camera1
1624377605,0,camera1
1624378805,0,camera1
1624380004,0,camera1
1624428006,0,camera1
1624429205,0,camera1
1624430404,0,camera1
1624431605,0,camera1
1624432806,0,camera1
1624434006,0,camera1
1624435206,0,camera1
1624436405,0,camera1
1624437605,0,camera1
1624438805,0,camera1
1624440005,0,camera1
1624442405,0,camera1
1624443605,1,camera1
1624444805,5,camera1
1624446005,6,camera1
1624447205,1,camera1
1624448406,0,camera1
1624449604,0,camera1
1624450806,0,camera1
1624452005,0,camera1
1624453205,0,camera1
1624454405,0,camera1
1624455605,0,camera1
1624456805,0,camera1
1624458006,0,camera1
1624459206,0,camera1
1624460405,0,camera1
1624461606,0,camera1
1624462805,0,camera1
1624464006,0,camera1
1624465205,0,camera1
1624466406,0,camera1
1624514405,0,camera1
1624515606,0,camera1
1624516805,0,camera1
1624518006,0,camera1
1624519204,0,camera1
1624520405,0,camera1
1624521605,0,camera1
1624522805,0,camera1
1624524006,0,camera1
1624526405,0,camera1
1624527605,0,camera1
1624528805,0,camera1
1624530005,0,camera1
1624531205,0,camera1
1624532406,0,camera1
1624533605,0,camera1
1624534806,0,camera1
1624536005,0,camera1
1624537205,0,camera1
1624539606,0,camera1
1624540806,0,camera1
1624542006,0,camera1
1624543206,0,camera1
1624544405,0,camera1
1624545605,0,camera1
1624546805,0,camera1
1624548006,0,camera1
1624549204,0,camera1
1624550405,0,camera1
1624551605,0,camera1
1624552806,0,camera1
1624600805,0,camera1
1624602005,0,camera1
1624603206,0,camera1
1624604406,0,camera1
1624605606,0,camera1
1624608006,0,camera1
1624609206,0,camera1
1624610406,0,camera1
1624611606,0,camera1
1624612806,0,camera1
1624614006,0,camera1
1624615206,0,camera1
1624616406,0,camera1
1624617606,0,camera1
1624618806,0,camera1
1624620006,0,camera1
1624621204,0,camera1
1624622406,0,camera1
1624623605,0,camera1
1624624806,0,camera1
1624626006,0,camera1
1624627206,0,camera1
1624628406,0,camera1
1624629606,0,camera1
1624630806,0,camera1
1624632006,0,camera1
1624633205,0,camera1
1624634406,0,camera1
1624635606,0,camera1
1624636805,0,camera1
1624638006,0,camera1
1624639206,0,camera1
1624860006,0,camera1
1624861206,0,camera1
1624863606,0,camera1
1624864806,0,camera1
1624866005,0,camera1
1624867206,0,camera1
1624868406,0,camera1
1624869607,0,camera1
1624870805,0,camera1
1624872006,0,camera1
1624873206,0,camera1
1624875605,0,camera1
1624876806,0,camera1
1624878006,0,camera1
1624879206,1,camera1
1624880406,0,camera1
1624882806,0,camera1
1624884005,0,camera1
1624885205,5,camera1
1624886406,15,camera1
1624888806,16,camera1
1624890006,17,camera1
1624891206,16,camera1
1624892406,18,camera1
1624893606,17,camera1
1624894804,16,camera1
1624896006,16,camera1
1624897206,17,camera1
1624898406,0,camera1
1624946405,0,camera1
1624947606,0,camera1
1624948805,0,camera1
1624950006,0,camera1
1624951205,0,camera1
1624952406,0,camera1
1624953606,0,camera1
1624954806,3,camera1
1624956005,1,camera1
1624957205,0,camera1
1624958406,0,camera1
1624959606,0,camera1
1624960806,0,camera1
1624962006,0,camera1
1624963206,0,camera1
1624964406,0,camera1
1624965606,0,camera1
1624966806,0,camera1
1624968005,7,camera1
1624969206,2,camera1
1624970405,7,camera1
1624971605,14,camera1
1624972806,14,camera1
1624974006,15,camera1
1624975205,17,camera1
1624976405,17,camera1
1624977606,15,camera1
1624978805,19,camera1
1624980006,3,camera1
1624981206,0,camera1
1624982406,0,camera1
1624983605,0,camera1
1624984805,0,camera1
1625032806,0,camera1
1625034006,0,camera1
1625035206,0,camera1
1625036406,0,camera1
1625037606,0,camera1
1625038806,0,camera1
1625040006,3,camera1
1625041206,9,camera1
1625042406,12,camera1
1625043606,11,camera1
1625044806,13,camera1
1625046006,14,camera1
1625047205,10,camera1
1625048406,14,camera1
1625049606,16,camera1
1625050806,11,camera1
1625052006,0,camera1
1625053206,0,camera1
1625054406,0,camera1
1625055606,9,camera1
1625056806,8,camera1
1625058006,10,camera1
1625059205,12,camera1
1625060406,12,camera1
1625061606,7,camera1
1625062806,6,camera1
1625064006,4,camera1
1625065205,4,camera1
1625066405,2,camera1
1625067606,2,camera1
1625068805,0,camera1
1625070006,0,camera1
1625071206,0,camera1
1625119206,0,camera1
1625120406,0,camera1
1625121606,0,camera1
1625122806,0,camera1
1625124006,0,camera1
1625125206,0,camera1
1625126406,0,camera1
1625131205,0,camera1
1625132406,0,camera1
1625133606,0,camera1
1625134806,4,camera1
1625136005,7,camera1
1625137205,5,camera1
1625138404,7,camera1
1625139605,0,camera1
1625140805,0,camera1
1625142005,7,camera1
1625143206,13,camera1
1625144405,13,camera1
1625145605,12,camera1
1625146806,6,camera1
1625148005,7,camera1
1625149205,7,camera1
1625150405,5,camera1
1625151605,4,camera1
1625152805,8,camera1
1625154005,4,camera1
1625155205,6,camera1
1625156405,3,camera1
1625157606,2,camera1
1625205606,0,camera1
1625206805,0,camera1
1625208006,0,camera1
1625209205,0,camera1
1625210404,1,camera1
1625211605,2,camera1
1625212806,3,camera1
1625214004,5,camera1
1625215206,2,camera1
1625216405,3,camera1
1625217606,2,camera1
1625218804,4,camera1
1625220006,4,camera1
1625221205,2,camera1
1625222405,2,camera1
1625224805,1,camera1
1625226005,1,camera1
1625227205,1,camera1
1625228406,7,camera1
1625229605,10,camera1
1625230805,11,camera1
1625232006,12,camera1
1625233205,9,camera1
1625234405,11,camera1
1625235605,10,camera1
1625236805,6,camera1
1625238005,6,camera1
1625239205,9,camera1
1625240406,8,camera1
1625241606,4,camera1
1625242804,6,camera1
1625244005,2,camera1
1625464805,0,camera1
1625466004,0,camera1
1625467206,0,camera1
1625468406,1,camera1
1625469606,2,camera1
1625470806,2,camera1
1625472006,2,camera1
1625473205,2,camera1
1625474406,1,camera1
1625475606,0,camera1
1625476805,0,camera1
1625478005,0,camera1
1625479205,0,camera1
1625480406,0,camera1
1625481605,0,camera1
1625482805,0,camera1
1625484005,0,camera1
1625485206,0,camera1
1625486405,0,camera1
1625487606,0,camera1
1625488805,0,camera1
1625490006,0,camera1
1625491205,0,camera1
1625492405,0,camera1
1625493606,0,camera1
1625496005,0,camera1
1625497206,0,camera1
1625498405,0,camera1
1625499604,0,camera1
1625500805,0,camera1
1625502005,0,camera1
1625503205,0,camera1
1625551206,0,camera1
1625552405,0,camera1
1625553605,0,camera1
1625554806,0,camera1
1625556005,0,camera1
1625557205,0,camera1
1625558405,0,camera1
1625559606,0,camera1
1625560804,0,camera1
1625562005,0,camera1
1625563206,0,camera1
1625564404,0,camera1
1625565605,0,camera1
1625566804,0,camera1
1625568005,0,camera1
1625569206,0,camera1
1625570405,0,camera1
1625571604,0,camera1
1625572806,0,camera1
1625574005,0,camera1
1625575205,0,camera1
1625576405,0,camera1
1625577605,0,camera1
1625578805,0,camera1
1625580006,0,camera1
1625581204,0,camera1
1625582406,0,camera1
1625583605,0,camera1
1625584805,0,camera1
1625586005,0,camera1
1625587205,0,camera1
1625588406,0,camera1
1625589605,0,camera1
1625637605,0,camera1
1625640006,0,camera1
1625641206,0,camera1
1625642406,0,camera1
1625643606,0,camera1
1625644806,0,camera1
1625646005,0,camera1
1625647205,0,camera1
1625648405,0,camera1
1625649605,0,camera1
1625650806,0,camera1
1625652006,0,camera1
1625653205,0,camera1
1625654405,0,camera1
1625655605,0,camera1
1625656804,0,camera1
1625658006,0,camera1
1625659204,0,camera1
1625660405,0,camera1
1625661605,0,camera1
1625662805,0,camera1
1625664006,0,camera1
1625665205,0,camera1
1625666405,0,camera1
1625667605,0,camera1
1625668805,0,camera1
1625671205,0,camera1
1625672405,0,camera1
1625673604,0,camera1
1625674806,0,camera1
1625676006,0,camera1
1625724005,0,camera1
1625725205,0,camera1
1625726406,0,camera1
1625727605,0,camera1
1625728806,0,camera1
1625730006,0,camera1
1625731205,0,camera1
1625732404,0,camera1
1625734805,0,camera1
1625736005,0,camera1
1625737205,0,camera1
1625739604,0,camera1
1625740805,0,camera1
1625742005,0,camera1
1625743206,0,camera1
1625744405,0,camera1
1625745606,0,camera1
1625746806,0,camera1
1625748005,0,camera1
1625749206,0,camera1
1625750405,0,camera1
1625751606,0,camera1
1625752805,0,camera1
1625754005,0,camera1
1625755205,0,camera1
1625756405,0,camera1
1625757605,0,camera1
1625758805,0,camera1
1625760005,0,camera1
1625761206,0,camera1
1625762405,0,camera1
1625810405,0,camera1
1625811605,0,camera1
1625812805,0,camera1
1625814004,0,camera1
1625815205,0,camera1
1625816405,0,camera1
1625817605,0,camera1
1625818806,0,camera1
1625820005,0,camera1
1625821206,0,camera1
1625822404,0,camera1
1625823605,0,camera1
1625824806,0,camera1
1625826006,0,camera1
1625827206,0,camera1
1625828405,0,camera1
1625829605,0,camera1
1625830805,0,camera1
1625832005,0,camera1
1625833205,0,camera1
1625834405,0,camera1
1625835606,0,camera1
1626278406,0,camera1
1626279606,0,camera1
1626280805,0,camera1
1626328805,0,camera1
1626330006,0,camera1
1626331206,0,camera1
1626332405,0,camera1
1626333605,0,camera1
1626334805,0,camera1
1626336006,0,camera1
1626337205,0,camera1
1626338405,0,camera1
1626339605,0,camera1
1626340806,0,camera1
1626342006,0,camera1
1626343205,0,camera1
1626344404,0,camera1
1626345606,0,camera1
1626346805,0,camera1
1626348006,0,camera1
1626349205,0,camera1
1626350405,0,camera1
1626351604,0,camera1
1626352805,0,camera1
1626354006,0,camera1
1626355205,0,camera1
1626356406,0,camera1
1626357605,0,camera1
1626358805,0,camera1
1626360005,0,camera1
1626361206,0,camera1
1626362406,0,camera1
1626363605,0,camera1
1626364806,0,camera1
1626366005,0,camera1
1626367204,0,camera1
1626416405,0,camera1
1626417605,0,camera1
1626418805,0,camera1
1626420004,0,camera1
1626421205,0,camera1
1626422405,0,camera1
1626423604,0,camera1
1626424805,0,camera1
1626426005,0,camera1
1626427205,0,camera1
1626428405,0,camera1
1626429606,0,camera1
1626430805,0,camera1
1626432005,0,camera1
1626433206,0,camera1
1626434405,0,camera1
1626435605,0,camera1
1626436805,0,camera1
1626438006,0,camera1
1626439205,0,camera1
1626440405,0,camera1
1626441605,0,camera1
1626442805,0,camera1
1626444006,0,camera1
1626445205,0,camera1
1626446404,0,camera1
1626447605,0,camera1
1626448804,0,camera1
1626450005,0,camera1
1626451205,0,camera1
1626453605,0,camera1
1626674406,0,camera1
1626675604,0,camera1
1626676806,0,camera1
1626679204,0,camera1
1626680405,0,camera1
1626681605,0,camera1
1626682806,0,camera1
1626684005,0,camera1
1626685205,0,camera1
1626686405,0,camera1
1626687606,0,camera1
1626688805,0,camera1
1626690005,0,camera1
1626691206,0,camera1
1626692406,0,camera1
1626693604,0,camera1
1626694805,0,camera1
1626696005,0,camera1
1626697205,0,camera1
1626698406,0,camera1
1626699604,0,camera1
1626700805,0,camera1
1626702005,0,camera1
1626703206,0,camera1
1626704406,0,camera1
1626705605,0,camera1
1626706806,0,camera1
1626708004,0,camera1
1626709205,0,camera1
1626710405,0,camera1
1626711605,0,camera1
1626712806,0,camera1
1626760804,0,camera1
1626762005,0,camera1
1626763206,0,camera1
1626764406,0,camera1
1626765605,0,camera1
1626766804,0,camera1
1626768005,0,camera1
1626769205,0,camera1
1626770405,0,camera1
1626771605,0,camera1
1626772805,0,camera1
1626774006,0,camera1
1626775205,0,camera1
1626781206,0,camera1
1626782405,0,camera1
1626783605,0,camera1
1626784805,0,camera1
1626786006,0,camera1
1626787204,0,camera1
1626788405,0,camera1
1626789606,0,camera1
1626790806,0,camera1
1626792006,0,camera1
1626794406,0,camera1
1626795605,0,camera1
1626796805,0,camera1
1626798005,0,camera1
1626799205,0,camera1
1626847205,0,camera1
1626848406,0,camera1
1626849605,0,camera1
1626850805,0,camera1
1626852006,0,camera1
1626853205,0,camera1
1626854405,0,camera1
1626855605,0,camera1
1626856805,0,camera1
1626858005,0,camera1
1626859204,0,camera1
1626860405,0,camera1
1626861605,0,camera1
1626862805,0,camera1
1626864004,0,camera1
1626865205,0,camera1
1626866406,0,camera1
1626867606,0,camera1
1626868805,0,camera1
1626870005,0,camera1
1626871204,0,camera1
1626872405,0,camera1
1626874805,0,camera1
1626876005,0,camera1
1626877206,0,camera1
1626878405,0,camera1
1626879606,0,camera1
1626880806,0,camera1
1626882005,0,camera1
1626883206,0,camera1
1626884405,0,camera1
1626885605,0,camera1
1626933605,0,camera1
1626934805,0,camera1
1626936006,0,camera1
1626937206,8,camera1
1626938405,7,camera1
1626939605,6,camera1
1626940804,4,camera1
1626942006,4,camera1
1626943206,3,camera1
1626944406,2,camera1
1626945605,2,camera1
1626946806,0,camera1
1626948006,0,camera1
1626949204,0,camera1
1626950405,0,camera1
1626951606,0,camera1
1626952805,0,camera1
1626954005,0,camera1
1626955206,0,camera1
1626956406,0,camera1
1626957606,0,camera1
1626958806,0,camera1
1626960006,0,camera1
1626961206,0,camera1
1626962405,0,camera1
1626963605,0,camera1
1626964805,0,camera1
1626966005,0,camera1
1626967205,0,camera1
1626968405,0,camera1
1626969605,0,camera1
1626970806,0,camera1
1626972004,0,camera1
1627020006,0,camera1
1627021206,0,camera1
1627022405,0,camera1
1627023605,0,camera1
1627024805,0,camera1
1627026006,1,camera1
1627027206,1,camera1
1627028405,1,camera1
1627029605,0,camera1
1627030806,0,camera1
1627032006,1,camera1
1627034406,0,camera1
1627035605,0,camera1
1627036805,0,camera1
1627038005,0,camera1
1627039205,0,camera1
1627040406,0,camera1
1627041605,0,camera1
1627042805,0,camera1
1627044005,0,camera1
1627045206,0,camera1
1627046405,0,camera1
1627047606,0,camera1
1627048804,0,camera1
1627050006,0,camera1
1627051204,0,camera1
1627052406,0,camera1
1627053606,0,camera1
1627054805,0,camera1
1627056005,0,camera1
1627057205,0,camera1
1627058406,0,camera1
1627279205,0,camera1
1627280406,0,camera1
1627281605,0,camera1
1627282805,0,camera1
1627284005,0,camera1
1627285204,0,camera1
1627286404,0,camera1
1627287605,0,camera1
1627288805,0,camera1
1627290005,0,camera1
1627291206,0,camera1
1627292405,0,camera1
1627293604,0,camera1
1627294805,0,camera1
1627296005,0,camera1
1627297206,0,camera1
1627298405,0,camera1
1627299605,0,camera1
1627300805,0,camera1
1627302005,0,camera1
1627303206,0,camera1
1627304405,0,camera1
1627305605,0,camera1
1627306805,0,camera1
1627308006,0,camera1
1627309205,0,camera1
1627310405,0,camera1
1627311606,0,camera1
1627312805,0,camera1
1627314006,0,camera1
1627315205,0,camera1
1627316404,0,camera1
1627317606,0,camera1
1627365606,0,camera1
1627366805,0,camera1
1627371606,0,camera1
1627372805,0,camera1
1627374005,0,camera1
1627375205,0,camera1
1627376405,0,camera1
1627377604,0,camera1
1627378805,0,camera1
1627380005,0,camera1
1627381204,0,camera1
1627382405,0,camera1
1627383604,0,camera1
1627384805,0,camera1
1627386006,0,camera1
1627387205,0,camera1
1627388405,0,camera1
1627389605,0,camera1
1627390805,0,camera1
1627392005,0,camera1
1627393205,0,camera1
1627394405,0,camera1
1627395605,0,camera1
1627396806,0,camera1
1627398005,0,camera1
1627399205,0,camera1
1627400405,0,camera1
1627401606,0,camera1
1627402805,0,camera1
1627404006,0,camera1
1627453206,0,camera1
1627454406,0,camera1
1627455605,0,camera1
1627456806,0,camera1
1627458005,0,camera1
1627459204,0,camera1
1627460405,0,camera1
1627461605,0,camera1
1627462804,0,camera1
1627464006,0,camera1
1627465205,0,camera1
1627466405,0,camera1
1627467605,0,camera1
1627468804,0,camera1
1627470005,0,camera1
1627471205,0,camera1
1627472405,0,camera1
1627473605,0,camera1
1627474805,0,camera1
1627476006,0,camera1
1627477206,0,camera1
1627478405,0,camera1
1627479606,0,camera1
1627480805,0,camera1
1627482005,0,camera1
1627483206,0,camera1
1627484405,0,camera1
1627485605,0,camera1
1627486806,0,camera1
1627488004,0,camera1
1627489206,0,camera1
1627490405,0,camera1
1627538406,0,camera1
1627539606,0,camera1
1627540806,0,camera1
1627542004,0,camera1
1627543205,0,camera1
1627544405,0,camera1
1627545605,0,camera1
1627546806,0,camera1
1627548004,0,camera1
1635319206,0,camera1
1635321606,0,camera1
1635322805,0,camera1
1635324006,0,camera1
1635325206,0,camera1
1635326406,0,camera1
1635327606,0,camera1
1635328806,0,camera1
1635330006,0,camera1
1635331206,0,camera1
1635332406,0,camera1
1635333605,0,camera1
1635334806,0,camera1
1635336006,0,camera1
1635337206,0,camera1
1635338406,0,camera1
1635339606,0,camera1
1635340805,0,camera1
1635342006,0,camera1
1635343206,0,camera1
1635344406,0,camera1
1635345606,0,camera1
1635346806,0,camera1
1635348005,0,camera1
1635349206,0,camera1
1635350406,0,camera1
1635351605,0,camera1
1635352806,0,camera1
1635400806,0,camera1
1635402006,0,camera1
1635403206,0,camera1
1635404406,0,camera1
1635405606,0,camera1
1635406805,0,camera1
1635408006,0,camera1
1635409206,0,camera1
1635410406,0,camera1
1635411606,0,camera1
1635412806,0,camera1
1635415206,0,camera1
1635416406,0,camera1
1635417605,0,camera1
1635418806,0,camera1
1635420005,0,camera1
1635421206,0,camera1
1635423605,0,camera1
1635424806,0,camera1
1635426006,0,camera1
1635427206,0,camera1
1635428406,0,camera1
1635429606,0,camera1
1635430804,0,camera1
1635432006,0,camera1
1635433206,0,camera1
1635435606,0,camera1
1635436806,0,camera1
1635438006,0,camera1
1635439206,0,camera1
1635487206,0,camera1
1635488406,0,camera1
1635489606,0,camera1
1635490806,0,camera1
1635492006,0,camera1
1635493206,0,camera1
1635494405,0,camera1
1635495606,0,camera1
1635496806,0,camera1
1635498005,0,camera1
1635499206,0,camera1
1635500405,0,camera1
1635501606,0,camera1
1635502806,0,camera1
1635504006,0,camera1
1635505205,0,camera1
1635506406,0,camera1
1635507605,0,camera1
1635508806,0,camera1
1635510004,0,camera1
1635511206,0,camera1
1635513606,0,camera1
1635517206,0,camera1
1635518406,0,camera1
1635519605,0,camera1
1635520806,0,camera1
1635522006,0,camera1
1635524405,0,camera1
1635525606,0,camera1
1635750006,0,camera1
1635751206,0,camera1
1635752405,0,camera1
1635753605,0,camera1
1635754805,0,camera1
1635756006,0,camera1
1635757205,0,camera1
1635758405,0,camera1
1635759605,0,camera1
1635762006,0,camera11550473206,0,camera1
1550474406,0,camera1
1550475605,0,camera1
1550476805,0,camera1
1550478006,0,camera1
1550479206,0,camera1
1550480406,0,camera1
1550481606,0,camera1
1550482806,0,camera1
1550484006,0,camera1
1550485206,0,camera1
1550486406,0,camera1
1550487605,0,camera1
1550488806,0,camera1
1550490006,0,camera1
1550491206,0,camera1
1550492406,0,camera1
1550493606,0,camera1
1550494806,0,camera1
1550496006,0,camera1
1550497206,0,camera1
1550498406,0,camera1
1550499606,0,camera1
1550500806,0,camera1
1550502006,0,camera1
1550503206,0,camera1
1550504406,0,camera1
1550505606,0,camera1
1550506806,0,camera1
1550508006,0,camera1
1550509206,0,camera1
1550510406,0,camera1
1550511606,0,camera1
1550559605,0,camera1
1550560806,0,camera1
1550562006,0,camera1
1550563206,0,camera1
1550564406,0,camera1
1550565606,0,camera1
1550566806,0,camera1
1550568006,0,camera1
1550569206,0,camera1
1550570406,0,camera1
1550571606,0,camera1
1550572806,0,camera1
1550574005,0,camera1
1550575206,0,camera1
1550576405,0,camera1
1550577606,0,camera1
1550578806,0,camera1
1550580006,0,camera1
1550581206,0,camera1
1550582405,0,camera1
1550583606,0,camera1
1550584806,0,camera1
1550586006,0,camera1
1550587206,0,camera1
1550588406,0,camera1
1550589606,0,camera1
1550590806,0,camera1
1550592006,0,camera1
1550593205,0,camera1
1550594406,0,camera1
1550595606,0,camera1
1550596806,0,camera1
1550598006,0,camera1
1550646005,0,camera1
1550647206,0,camera1
1550648405,4,camera1
1550649605,4,camera1
1550650805,2,camera1
1550652006,2,camera1
1550653205,3,camera1
1550654406,2,camera1
1550655606,2,camera1
1550656805,2,camera1
1550658006,1,camera1
1550659206,0,camera1
1550660406,0,camera1
1550661605,0,camera1
1550662806,0,camera1
1550664006,0,camera1
1550665205,0,camera1
1550666406,0,camera1
1550667606,0,camera1
1550668806,0,camera1
1550670005,0,camera1
1550671206,0,camera1
1550672406,0,camera1
1550673606,0,camera1
1550674806,0,camera1
1550676006,0,camera1
1550677206,0,camera1
1550678406,0,camera1
1550679606,0,camera1
1550680806,0,camera1
1550682006,0,camera1
1550683206,0,camera1
1550684406,0,camera1
1550732405,5,camera1
1550733606,7,camera1
1550734805,6,camera1
1550736005,6,camera1
1550737206,4,camera1
1550738404,5,camera1
1550739606,5,camera1
1550740806,5,camera1
1550742005,5,camera1
1550743206,3,camera1
1550744406,2,camera1
1550745605,0,camera1
1550746806,0,camera1
1550748006,0,camera1
1550749206,0,camera1
1550750406,0,camera1
1550751605,0,camera1
1550752806,0,camera1
1550754006,0,camera1
1550755205,0,camera1
1550756406,0,camera1
1550757606,0,camera1
1550758806,0,camera1
1550760006,0,camera1
1550761205,0,camera1
1550762406,0,camera1
1550763606,0,camera1
1550764805,0,camera1
1550766006,0,camera1
1550767206,0,camera1
1550768406,0,camera1
1550769606,0,camera1
1550770806,0,camera1
